"Descrição","Especificação","Fabricante","Patrimônio","TAG","Número de Série","Modelo","Laboratório de Calibração","Certificado de Calibração nº","Data da Calibração","Data Próxima Calibração","Obra/Local"
"Alicate Amperimetro",,"Minipa",1251,1251,"ET-320A290748","ET-3200A","TÉCNICA CALIB.",2001354,04/03/20,22/02/22,"ALMOXARIFADO"
"Alicate Amperimetro",,"Minipa",1412,1412,"ET2651001482","ET-2651","LAF METROLOGIA",1800616,08/02/18,29/01/20,"ALMOXARIFADO"
"Alicate Amperimetro",,"Minipa",1421,1421,"ET320A322396","ET-3200A","LAFTEC",2415647,24/06/24,14/06/26,"OBRA 118"
"Alicate Amperimetro",,"Minipa",1422,1422,"ET-320A322399","ET-3200A","LAF METROLOGIA",1800615,08/02/18,29/01/20,"ALMOXARIFADO"
"Alicate Amperimetro",,"Fluke",1915,1915,"40440567WS",325,"LAFTEC",2305350,10/03/23,27/02/25,"OBRA 118"
"Alicate Amperimetro",,"Fluke",2000,2000,"48765280MV",325,"TECNICA CALIB.",2504613,17/02/25,07/02/27,"OBRA 118"
"Alicate Amperimetro",,"Minipa","AL-12","AL-12","N/C","ET-3810","LAF METROLOGIA",1800614,08/02/18,29/01/20,"ALMOXARIFADO"
"Alicate Amperimetro Digital",,"Minipa",572,572,"N/C","ET-3166","METRUS","E0688004-0619",04/06/19,24/05/21,"ALMOXARIFADO"
"Alicate Amperimetro Digital",,"Minipa",861,861,"N/C","ET-3200A","LAFTEC","E0688001-0618",08/06/18,28/05/20,"ALMOXARIFADO"
"Alicate Amperimetro Digital",,,862,862,"ET320A240644","ET-3200A","LAFTEC",2415648,24/06/24,14/06/26,"OBRA 118"
"Alicate Amperimetro Digital",,"Fluke",1914,1914,"40440566WS",325,"LAFTEC",2504612,17/02/25,07/02/27,"OBRA 118"
"Alicate Amperimetro Digital",,"Fluke",2042,2042,"54782711MV",325,"LAFTEC",2434026,18/10/24,08/10/26,"OBRA 118"
"Alicate Amperimetro Digital",,"Fluke",2113,2113,"58600204MV",326,"LAFTEC",2307943,28/03/23,17/03/25,"OBRA 118"
"Axial (HIDROMETRO)","BOING","AKVOMETER","L22AK0000016","L22AK0000016","L22AK0000016","N/C","HIDROMETER","08090/25A",13/03/25,03/03/27,"OBRA 118"
"Balança ",,"Filizola","BAL-001","BAL-001","3115/2008","MF-6/1","LAF METROLOGIA",1800661,07/02/18,28/01/20,"ALMOXARIFADO"
"Balança Digital",,"Welmy",1922,1922,21331,"BCW6/15/30","LAFTEC",2415650,19/06/24,19/06/25,"OBRA 118"
"Balança Eletronica","BOING","Toledo","N/C","N/C",13311593,"2099/38","BILLMAKER QUALIDADE","18474/24",28/10/24,28/10/25,"OBRA 118"
"Barra Padrão",,"Digimess","BPA-001","BPA-001","N/C","N/C","METROLOGIA 9000","MTR 2430-20",13/07/20,17/06/25,"ALMOXARIFADO"
"Barra Padrão",,"Digimess","BPA-002","BPA-002","N/C","N/C","METROLOGIA 9000","MTR 2431-20",13/07/20,17/06/25,"ALMOXARIFADO"
"Barra Padrão",,"Digimess","BPA-003","BPA-003","N/C","N/C","METROLOGIA 9000","MTR 2432-20",13/07/20,17/06/25,"ALMOXARIFADO"
"Barra Padrão",,"Digimess","BPA-004","BPA-004","N/C","N/C","METROLOGIA 9000","MTR 2433-20",13/07/20,17/06/25,"ALMOXARIFADO"
"Barra Padrão",,"Digimess","BPA-005","BPA-005","N/C","N/C","METROLOGIA 9000","MTR 2434-20",14/07/20,18/06/25,"ALMOXARIFADO"
"Barra Padrão",,"Digimess","BPA-006","BPA-006","N/C","N/C","METROLOGIA 9000","MTR 2435-20",14/07/20,18/06/25,"ALMOXARIFADO"
"Bloco Curvo - Padrão de Calib.- Phased Array",,"SBF END","N/C","N/C","N/C","N/C","SBF END","002737-21",08/11/21,13/10/26,"ALMOXARIFADO"
"Bloco Escalonado",,"SBF END","BL 02","BL 02",1911617,"N/C","LAFTEC",2300722,23/01/23,12/01/25,"OBRA 118"
"Bloco Escalonado",,"SBF END","BL 03","BL 03",1911717,"N/C","METROLOGIA 9000","MTR2415-20",14/07/20,04/07/22,"ALMOXARIFADO"
"Bloco Escalonado",,"SBF END","BL 04","BL 04",1911817,"N/C","METROLOGIA 9000","MTR2417-20",14/07/20,04/07/22,"ALMOXARIFADO"
"Bloco Escalonado",,"SBF END","BL 06","BL 06",1912017,"N/C","LAFTEC",2211561,30/05/22,19/05/24,"ALMOXARIFADO"
"Bloco Escalonado ",,"N/C",1934,1934,"N/C","BLOCO ESC","LAFTEC",2415651,18/06/24,08/06/26,"OBRA 118"
"Bloco Escalonado -ME",,"N/C","ECO-0028","ECO-0028","N/C","N/C","PRESERTEC","012509-19",01/09/19,21/08/21,"ALMOXARIFADO"
"Bloco Escalonado -US","Locado","N/C","BLE-TUC-005","BLE-TUC-005","N/C","N/C","PRESERTEC","005427-21",17/03/21,07/03/23,"ALMOXARIFADO"
"Bloco Jis",,"N/C",839,839,"N/C","N/C","Eishin Kagaku","N/C",22/05/08,"INDETERMINADO","OBRA 118"
"Bloco Padrão",,,305,305,,,,,,,"ALMOXARIFADO"
"Bloco Padrão",,,309,309,,,,,,,"ALMOXARIFADO"
"Bloco Padrão Massa",,"N/C","CP-318","CP-318","N/C","N/C","TECNOISO",13103220218,18/02/22,23/01/27,"ALMOXARIFADO"
"Calibrador Digital (Isocal)","Locado (master automação)","Presys",89,89,"214.09.14","Isocal MCS-8","SOCINTEC","RI 1530/22",12/05/22,12/05/23,"ALMOXARIFADO"
"Calibre de Solda","0 mm | 45 mm","Carbografite","CAS-004","CAS-004","N/C","CE-CG 298","LAFTEC",2306020,09/03/23,26/02/25,"ALMOXARIFADO"
"Calibre de Solda",,"Carbografite","CAS-015","CAS-015","N/C","N/C","LAFTEC",2217129,04/08/22,24/07/24,"ALMOXARIFADO"
"Calibre de Solda",,,"CAS-016","CAS-016","N/C","CG CAM Gauge","LAFTEC",2415658,18/06/24,08/06/26,"OBRA 118"
"Calibre de Solda","0 mm | 60 mm","Carbografite","CAS-021","CAS-021","N/C","CG Cam Gauge","LAFTEC",2305357,07/03/23,24/02/25,"OBRA 118"
"Calibre de Solda","0 mm | 20 mm","Calibre de Solda","CAS-022","CAS-022","N/C","N/C","LAFTEC",2517535,04/06/25,25/05/27,"OBRA 121"
"Calibre de Solda ",,"Carbografite","99-01","99-01","N/C","N/C","LAFTEC",2517536,04/06/25,25/05/27,"OBRA 121"
"Calibre de Solda ","0 mm | 45 mm","Carbografite","CAS-040",40,"N/C","CE-CG298","LAFTEC",2224242,24/10/22,13/10/24,"ALMOXARIFADO"
"Calibre de Solda ",,"Carbografite","CS-001","CS-001","N/C","N/C","TÉCNICA CALIB.",2000033,27/01/20,16/01/22,"ALMOXARIFADO"
"Calibre de Solda - Hi-Lo",,"Carbografite","CAS-025","CAS-025","CAS-025","CE-CG298","LAFTEC",2421858,23/07/24,13/07/26,"OBRA 121"
"Calibre de Solda - Hi-Lo",,"Carbografite","CAS-026","CAS-026","N/C","CE-CG298","LAFTEC",2415657,14/06/24,04/06/26,"OBRA 118"
"Calibre de Solda - Hi-Lo","0 mm | 45 mm","Carbografite","CAS-030","CAS-030","N/C","CE-CG298","LAFTEC",2306019,09/03/23,26/02/25,"ALMOXARIFADO"
"Calibre de Solda - Hi-Lo","0 mm | 45 mm","Carbografite","CAS-033","CAS-033","N/C","CE-CG298","LAFTEC",2421861,23/07/24,13/07/26,"ALMOXARIFADO"
"Calibre de Solda - Hi-Lo",,"Carbografite","CAS-041","CAS-041","N/C","CE-CG298","METRUS",2415656,14/06/24,04/06/26,"OBRA 118"
"Calibre de Solda - Hi-Lo","0 mm | 45 mm","Carbografite","CAS-044",44,"N/C","N/C","LAFTEC",2421859,23/07/24,13/07/26,"ALMOXARIFADO"
"Calibre de Solda - Hi-Lo","0 mm | 45 mm","Zaas","CAS-046",46,"N/C","113-0016","LAFTEC",2421860,23/07/24,13/07/26,"ALMOXARIFADO"
"Calibre de Solda - Hi-Lo","0 mm | 45 mm","Zaas","CAS-047",47,"N/C","113-0016","LAFTEC",2421862,23/07/24,13/07/26,"OBRA 120"
"Calibre de Solda - Hi-Lo","0 mm | 45 mm","Zaas","CAS-048",48,"N/C","113-0016","LAFTEC",2421863,23/07/24,13/07/26,"ALMOXARIFADO"
"Calibre de Solda - Hi-Lo",,"Carbografite","CAS-43",43,"N/C","N/C","LAFTEC",2214748,01/07/22,20/06/24,"ALMOXARIFADO"
"Calibre de Solda - Hi-Lo",,"Carbografite","CAS-45",45,"N/C","N/C","LAFTEC",2214750,01/07/22,20/06/24,"ALMOXARIFADO"
"Cappo Plus - Calibrador Portáti Microproc.",,"Ecil","CCP-001","CCP-01","N/C","Cappo Plus","METRUS","E0688001-1221",29/12/21,24/12/22,"ALMOXARIFADO"
"Conjunto de Filmes Padrão (Bloco Padrão)",,"N/C",1370,1370,"N/C","N/C","METRUS","D0688002-1121",23/11/21,28/10/26,"ALMOXARIFADO"
"Conjunto de Filmes Padrão (Bloco Padrão)",,"Instrutherm","1812/F","1812/F","N/C","N/C","TECNICA CALIB.",2004563,14/08/20,19/07/25,"ALMOXARIFADO"
"Conjunto de Filmes Padrão (Bloco Padrão)",,"DeFelsko","WS-824-1","WS-824-1","N/C","N/C","TECNOISO",8703220221,21/02/22,21/02/23,"ALMOXARIFADO"
"Conjunto de Filmes Padrão (Bloco Padrão)",,"DeFelsko","WS-824-2","WS-824-2","N/C","N/C","TECNOISO",8705220221,21/02/22,21/02/23,"ALMOXARIFADO"
"Conjunto de Filmes Padrão (Bloco Padrão)",,"DeFelsko","WS-824-3","WS-824-3","N/C","N/C","TECNOISO",8704220221,21/02/22,21/02/23,"ALMOXARIFADO"
"Controlador de Temperatura",,"Autonics ","CT-001","CT-001","N/C","TCN4S-24R","LAF METROLOGIA",1800610,07/02/18,28/01/20,"ALMOXARIFADO"
"Controlador de Temperatura",,"Coel","CT-002","CT-002",14201101,"TLK48","LAF METROLOGIA",1800611,07/02/18,28/01/20,"ALMOXARIFADO"
"Detector de Fuga de Gás",,"N/C",600,600,"KA419-6011276","N/C","CLEAN ENVIROMENT","0342.25",20/03/25,20/03/26,"OBRA 118"
"Detector de Fuga de Gás",,"Central Brasil",1865,1865,"N/C","DY8800A+","CENTRAL BRASIL","12343.22",22/06/22,22/06/23,"ALMOXARIFADO"
"Detector de Fuga de Gás",,"Central Brasil",1866,1866,"N/C","DY8800A+","CENTRAL BRASIL","12342.22",22/06/22,22/06/23,"ALMOXARIFADO"
"Detector de Fuga de Gás",,"BW Tecnologies",1916,1916,"KA418-6000687","GAS ALERT","CLEAN ENVIROMENT","0744.19",19/06/19,18/06/20,"ALMOXARIFADO"
"Detector de Fuga de Gás",,"Central Brasil",1969,1969,"AD203739038","CBDGC-8800","CENTRAL BRASIL","8869.21",21/07/21,21/07/22,"ALMOXARIFADO"
"Detector de Fuga de Gás",,"Central Brasil",1970,1970,"AD203739033","CBDGC-8800","CENTRAL BRASIL","8868.21",21/07/21,21/07/22,"ALMOXARIFADO"
"Detector de Fuga de Gás",,"Central Brasil",1977,1977,1749776,"MGC-1000","CENTRAL BRASIL","15949.23",24/03/23,23/03/24,"ALMOXARIFADO"
"Detector de Fuga de Gás",,"Central Brasil",1978,1978,1749774,"MGC-1000","CENTRAL BRASIL","24340.24",18/10/24,18/10/25,"ALMOXARIFADO"
"Detector de Fuga de Gás",,"Central Brasil",1980,1980,1749779,"MGC-1000","CENTRAL BRASIL","6346.20",24/06/20,24/06/21,"ALMOXARIFADO"
"Detector de Fuga de Gás",,"Central Brasil",1981,1981,1749775,"MGC-1000","CENTRAL BRASIL","6342.20",24/06/20,24/06/21,"ALMOXARIFADO"
"Detector de Fuga de Gás",,"Central Brasil",1982,1982,1749778,"MGC-1000","CENTRAL BRASIL","13969.22",27/10/22,27/10/23,"ALMOXARIFADO"
"Detector de Fuga de Gás",,"Central Brasil",1983,1983,1749773,"MGC-1000","CENTRAL BRASIL","6340.20",24/06/20,24/06/21,"ALMOXARIFADO"
"Detector de Fuga de Gás",,"Central Brasil",1984,1984,1749777,"MGC-1000","CENTRAL BRASIL","6344.20",24/06/20,24/06/21,"ALMOXARIFADO"
"Detector de Fuga de Gás",,"Central Brasil",1985,1985,1749780,"MGC-1000","CENTRAL BRASIL","24339.24",05/08/24,05/08/25,"OBRA 118"
"Detector de Fuga de Gás",,"Minipa",2003,2003,1927288,"MGC-1000","CENTRAL BRASIL","13968.22",27/10/22,27/10/23,"ALMOXARIFADO"
"Detector de Fuga de Gás ",,"Minipa",2002,2002,1927287,"MGC-1000","CENTRAL BRASIL","24413.24",07/08/24,07/08/25,"ALMOXARIFADO"
"Detector de Fuga de Gás ",,"Minipa",2041,2041,1749762,"MGC-1000","CENTRAL BRASIL","15947.23",24/03/23,23/03/24,"ALMOXARIFADO"
"Detector de Fuga de Gás ",,"Minipa",1749771,1749771,1749771,"MGC-1000","CENTRAL BRASIL","24415.24",07/08/24,07/08/25,"OBRA 118"
"Detector Portátil de Gás",,"N/C",1937,1937,"KA418-6003918","N/C","CLEAN ENVIROMENT","0341.25",20/03/25,20/03/26,"ALMOXARIFADO"
"Detector Portátil de Gás",,,2099,2099,"KA422-6033247","N/C","CLEAN ENVIROMENT","0340.25",20/03/25,20/03/26,"ALMOXARIFADO"
"Detector Portátil de Gás",,,2100,2100,"KA422-6033246","N/C","CLEAN ENVIROMENT","1402.24",18/10/24,18/10/25,"OBRA 118"
"Dinamometro Digital",,"instrutemp",2045,2045,977721,"ITFG 6020","INSTRUTEMP","233069/21",19/11/21,19/11/22,"ALMOXARIFADO"
"Dinamometro Digital",,"instrutemp",2046,2046,977753,"ITFG 6020","LAFTEC",2415696,19/06/24,19/06/25,"OBRA 118"
"Durometro de Impacto",,"GE",1822,1822,8372,"MIC10","LAFTEC",2415655,21/06/24,06/06/27,"OBRA 118"
"Durometro de Impacto",,"Woltest",1826,1826,"n/c","MOD4007","TÉCNICA CALIB.",1907709,18/12/19,02/12/22,"ALMOXARIFADO"
"Durometro Rockwell Portatil",,"GE",1823,1823,8403,"MIC10","METRUS","D0688005-0122",18/01/22,02/01/25,"ALMOXARIFADO"
"Eddy Current",,"Olympus","Sagatech","Sagatech",60006150455,"Nortec 600","ENDVALE",1004,22/02/22,22/02/23,"ALMOXARIFADO"
"Esquadro",,"Stanley","ESQ-309","ESQ-309","N/C","46-536","LAFTEC",2421241,19/07/24,09/07/26,"OBRA 118"
"Esquadro","24""","Stanley","ESQ-310","ESQ-310","N/C","46-536","LAFTEC",2421242,19/07/24,09/07/26,"OBRA 118"
"Esquadro",,"Vonder","ESQ-310/1","ESQ-310/1","N/C","N/C","LAFTEC",2423157,25/07/24,15/07/26,"ALMOXARIFADO"
"Esquadro","24""","Stanley","ESQ-311","ESQ-311","N/C","46-536","LAFTEC",2421243,19/07/24,09/07/26,"OBRA 118"
"Esquadro",,"Vonder","ESQ-311/1","ESQ-311/1","N/C","N/C","LAFTEC",2423158,25/07/24,15/07/26,"ALMOXARIFADO"
"Esquadro",,"Stanley","ESQ-312","ESQ-312","N/C","46-536","LAFTEC",2421244,19/07/24,09/07/26,"OBRA 118"
"Esquadro",,"Stanley","ESQ-313","ESQ-313","N/C","46-536","LAFTEC",2421245,19/07/24,09/07/26,"OBRA 118"
"Esquadro",,"Stanley","ESQ-314","ESQ-314","N/C","46-536","LAFTEC",2421246,19/07/24,09/07/26,"ALMOXARIFADO"
"Esquadro",,"Stanley","ESQ-315","ESQ-315","N/C","46-536","LAFTEC",2421247,19/07/24,09/07/26,"OBRA 118"
"Esquadro",,"Stanley","ESQ-316","ESQ-316","N/C","46-536","LAFTEC",2421248,19/07/24,09/07/26,"ALMOXARIFADO"
"Esquadro",,"Stanley","ESQ-317","ESQ-317","N/C","46-536","LAFTEC",2421249,19/07/24,09/07/26,"ALMOXARIFADO"
"Esquadro",,"Stanley","ESQ-318","ESQ-318","N/C","46-536","LAFTEC",2421250,19/07/24,09/07/26,"ALMOXARIFADO"
"Esquadro ",,"Starrett","MDA-001","MDA-001","N/C","53M-300","LAFTEC",2305351,07/03/23,24/02/25,"OBRA 118"
"Esquadro Analógico",,"Stanley","ES-03","ES-03","N/C","46-536","TECNICA CALIB.",2001361,12/03/20,02/03/22,"ALMOXARIFADO"
"Esquadro Analógico",,"Stanley","ESQ-093","ESQ-093","N/C","46-536","TECNICA CALIB.",2001362,12/03/20,02/03/22,"ALMOXARIFADO"
"Esquadro Analógico ",,"N/C","ESQ-001","ESQ-001","N/C","N/C","LAF METROLOGIA",1800638,06/02/18,27/01/20,"ALMOXARIFADO"
"Esquadro Analógico ",,"N/C","ESQ-071","ESQ-071","N/C","N/C","LAF METROLOGIA",1800639,06/02/18,27/01/20,"ALMOXARIFADO"
"Esquadro Analógico ",,"N/C","ESQ-09/A","ESQ-09/A","N/C","N/C","LAF METROLOGIA",1800640,06/02/18,27/01/20,"ALMOXARIFADO"
"Esquadro Analógico ",,"Stanley","ESQ-248/A","ESQ-248/A","N/C","N/C","LAF METROLOGIA",1800642,06/02/18,27/01/20,"ALMOXARIFADO"
"Esquadro Combinado",,"Digimess",1077,1077,"4-4070543","N/C","LAFTEC",2415682,14/06/24,04/06/26,"OBRA 118"
"Esquadro Combinado",,"Zaas ",1840,1840,12050541,"NC","LAFTEC",2415684,18/06/24,08/06/26,"OBRA 118"
"Esquadro Combinado",,"Digimess",1841,1841,"NC","180-202","LAFTEC",2415681,18/06/24,08/06/26,"OBRA 118"
"Esquadro Combinado",,"Zaas ",1842,1842,12050541,"NC","LAFTEC",2415683,18/06/24,08/06/26,"OBRA 118"
"Esquadro de Fio",,"Insize","ESP-001","ESP-001",111780143,"4790-2500","LAFTEC",2415678,14/06/24,04/06/26,"OBRA 118"
"Esquadro de Lâmina",,"Stanley","ES-022","ES-022","N/C","N/C","METRUS","D0688028-0619",10/06/19,26/11/21,"ALMOXARIFADO"
"Esquadro de Lâmina",,"Stanley","ES-18","ES-18","N/C","N/C","METRUS","D0688029-0619",10/06/19,26/11/21,"ALMOXARIFADO"
"Esquadro de Lâmina",,"Stanley","ESQ-057","ESQ-057","N/C","N/C","METRUS","D0688030-0619",10/06/19,26/11/21,"ALMOXARIFADO"
"Esquadro de Lâmina",,"Ramada","ESQ-110","ESQ-110","N/C","N/C","METRUS","D0688026-0619",10/06/19,26/11/21,"ALMOXARIFADO"
"Esquadro de Lâmina",,"Stanley","ESQ-111/A","ESQ-111/A","N/C","N/C","METRUS","D0688008-1118",13/11/18,01/05/21,"ALMOXARIFADO"
"Esquadro de Lâmina",,"Stanley","ESQ-112/A","ESQ-112/A","N/C","N/C","METRUS","D0688009-0619",10/06/19,26/11/21,"ALMOXARIFADO"
"Esquadro de Lâmina",,"N/C","ESQ-139/A","ESQ-139/A","N/C","N/C","METRUS","D0688027-0619",10/06/19,26/11/21,"ALMOXARIFADO"
"Esquadro de Lâmina",,"Stanley","ESQ-184","ESQ-184","N/C","N/C","METRUS","D0688025-0619",10/06/19,26/11/21,"ALMOXARIFADO"
"Esquadro de Lâmina",,"Stanley","ESQ-186","ESQ-186","N/C","N/C","METRUS","D0688034-0619",10/06/19,26/11/21,"ALMOXARIFADO"
"Esquadro de Lâmina",,"Stanley","ESQ-188","ESQ-188","N/C","N/C","METRUS","D0688033-0619",10/06/19,26/11/21,"ALMOXARIFADO"
"Esquadro de Lâmina ",,"Stanley","ESQ-187","ESQ-187","N/C","N/C","METRUS","D0688021-0619",10/06/19,26/11/21,"ALMOXARIFADO"
"Esquadro de Precisão",,"N/C","ESQ-027","ESQ-027","N/C","N/C","METRUS","D0688009-1118",13/11/18,02/11/20,"ALMOXARIFADO"
"Esquadro de Precisão",,"N/C","ESQ-110/A","ESQ-110/A","N/C","N/C","METRUS","D0688010-1118",13/11/18,02/11/20,"ALMOXARIFADO"
"Esquadro de Precisão",,"Starrett","ESQ-302","ESQ-302","N/C",3020,"LAFTEC",2415679,14/06/24,04/06/26,"OBRA 118"
"Esquadro de Precisão",,"Starrett","ESQ-303","ESQ-303","N/C","53M-300","METRUS",2311802,11/05/23,30/04/25,"OBRA 118"
"Esquadro de Precisão",,"Starrett","ESQ-304","ESQ-304","N/C","53M-300","LAFTEC",2311803,12/05/23,01/05/25,"OBRA 118"
"Esquadro de Precisão",,"Starrett","ESQ-305","ESQ-305","N/C","53M-300","LAFTEC",2311804,13/05/23,02/05/25,"OBRA 118"
"Esquadro de Precisão",,"Starrett","ESQ-306","ESQ-306","N/C","53M-300","LAFTEC",2311805,14/05/23,03/05/25,"OBRA 118"
"Esquadro de Precisão",,"Starrett","ESQ-307","ESQ-307","N/C","53M-300","LAFTEC",2311806,15/05/23,04/05/25,"OBRA 118"
"Esquadro de Precisão",,"Starrett","ESQ-308","ESQ-308","N/C","53M-300","LAFTEC",2415680,18/06/24,08/06/26,"OBRA 118"
"Fluxometro (Bibimetro)",,"N/C","FLX-001","FLX-001","N/C","N/C","LAFTEC",2224243,24/10/22,24/10/23,"OBRA 118"
"Fluxometro (Bibimetro)",,"MATEC","MDV-001","MDV-001","N/C","SI-100","LAFTEC",2427404,30/08/24,30/08/25,"OBRA 118"
"Fluxometro (Bibimetro)",,,"FLX-002","FLX-002","N/C",,"LAFTEC",2438631,29/11/24,29/11/25,"OBRA 118"
"Fluxometro (Bibimetro)",,,"FLX-003","FLX-003","N/C",,"LAFTEC",2438632,29/11/24,29/11/25,"OBRA 118"
"Fluxometro (Bibimetro)",,,"FLX-004","FLX-004","N/C",,"LAFTEC",2438633,29/11/24,29/11/25,"ALMOXARIFADO"
"Goniometro (Transferidor de Grau)",,,629,629,"4-801074","170-070","LAFTEC",2415685,14/06/24,14/06/25,"OBRA 118"
"Goniometro (Transferidor de Grau)",,"Protractor","GO-001","GO-001","N/C","NO-5001","LAFTEC",,,30/12/00,"OBRA 118"
"Haste Padrão",,"N/C","1837/A","1837/A","N/C","N/C","METRUS","D0688011-0620",08/07/20,03/07/21,"ALMOXARIFADO"
"Haste Padrão",,"Insize","1918/1","1918/1","N/C","N/C","LAFTEC",2302060,26/01/23,21/01/24,"ALMOXARIFADO"
"Haste Padrão",,"Insize","1918/2","1918/2","N/C","N/C","LAFTEC",2302061,26/01/23,21/01/24,"ALMOXARIFADO"
"Haste Padrão",,"Digimess","319/1","319/1","N/C","NC","LAFTEC",2302062,26/01/23,26/01/24,"ALMOXARIFADO"
"Haste Padrão",,"Digimess","319/2","319/1","N/C","NC","LAFTEC",2302063,26/01/23,26/01/24,"ALMOXARIFADO"
"Haste Padrão ",,"N/C","1837/B","1837/B","N/C","N/C","METRUS","D0688012-0620",08/07/20,03/07/21,"ALMOXARIFADO"
"Haste Padrão ","200 mm | 200 mm","Digimess","1835-1","1835-1","N/C","N/C","LAFTEC",2506017,27/02/25,22/02/26,"ALMOXARIFADO"
"Haste Padrão ","220 mm | 220 mm","Digimess","1835-2","1835-2","N/C","N/C","LAFTEC",2506018,27/02/25,22/02/26,"ALMOXARIFADO"
"Haste Padrão ","250 mm | 250 mm","Digimess","1835-3","1835-3","N/C","N/C","LAFTEC",2506019,27/02/25,22/02/26,"ALMOXARIFADO"
"Haste Padrão ","275 mm | 275 mm","Digimess","1835-4","1835-4","N/C","N/C","LAFTEC",2506020,27/02/25,22/02/26,"ALMOXARIFADO"
"Haste Padrão ","325 mm | 325 mm","Digimess","BPA-001","BPA-001","N/C","N/C","LAFTEC",2506021,27/02/25,22/02/26,"ALMOXARIFADO"
"Haste Padrão ","375 mm | 375 mm","Digimess","BPA-002","BPA-002","N/C","N/C","LAFTEC",2506022,27/02/25,22/02/26,"ALMOXARIFADO"
"Holiday Detector",,"END Araujo",593,593,754,"HD-05","END Araujo","021/22",28/01/22,22/07/23,"ALMOXARIFADO"
"Holiday Detector",,"ET Class",1828,1828,"2871-H","ETC-CX ","LAFTEC",2415430,21/06/24,13/12/25,"OBRA 118"
"Holiday Detector",,"ET Class",1973,1973,"4029-J","ETC-DC ","ET Class","0166/2022",29/04/22,21/10/23,"ALMOXARIFADO"
"Holiday Detector",,"ETClass",1986,1986,"4031-E","ETC-CX","LAFTEC",2415431,21/06/24,13/12/25,"OBRA 118"
"Holiday Detector",,"END Araujo",1987,1987,"4005E","ETC-CX","LAFTEC",2438033,25/11/24,19/05/26,"OBRA 118"
"Holiday Detector",,"ETClass",1988,1988,"4028-E","ETC-CX","ETCLASS","0163/2020",22/06/20,14/12/21,"ALMOXARIFADO"
"Holiday Detector",,"END Araujo","n/c",759,759,"HD-30-AC","END Araujo","044/21",19/03/21,10/09/22,"ALMOXARIFADO"
"Holiday Detector",,"END Araujo","n/c",1407,1407,"HD-05-DC","END Araujo",01/05/21,08/01/21,02/07/22,"ALMOXARIFADO"
"Luxímetro ",,"Minipa",776,776,1011000283,"MLM-1011","LAFTEC",2305360,10/03/23,26/08/25,"OBRA 118"
"Luxímetro ",,"Minipa ","LUX-001","LUX-001","N/C","MLM-1011","LAF METROLOGIA",1800619,06/02/18,27/01/20,"ALMOXARIFADO"
"Luxímetro Digital",,"Minipa ",1252,1252,"ML1011003128","MLM-111","LAFTEC",2224238,20/10/22,09/10/24,"ALMOXARIFADO"
"Manômetro","0 kgf/cm² - 250 kgf/cm²","MTR",30,30,"N/C","ND","LAFTEC",2227309,24/11/22,22/02/23,"ALMOXARIFADO"
"Manômetro",,"MTR",31,"PS-031","N/C","N/C","LAFTEC",2215519,08/07/22,06/10/22,"ALMOXARIFADO"
"Manômetro","(0 kgf/cm² | 20 kgf/cm²)","MTR",238,"MAN-242",100563,"N/C","LAFTEC",2304976,02/03/23,31/05/23,"ALMOXARIFADO"
"Manômetro","(0 kgf/cm² | 90 kgf/cm²)","TUB",243,243,100563,"N/C","LAFTEC",2304978,02/03/23,31/05/23,"ALMOXARIFADO"
"Manômetro","(0 a 160 kgf/cm2)","Salvi ",337,337,"N/C","N/C","LAFTEC",2227307,24/11/22,22/02/23,"ALMOXARIFADO"
"Manômetro",,"Naka",1533,1533,30904,"Classe 1 ABNT","METRUS","P0688009-0521",18/05/21,16/08/21,"ALMOXARIFADO"
"Manômetro",,"Naka",1534,1534,30833,"N/C","LAFTEC",2503383,10/02/25,11/05/25,"OBRA 118"
"Manômetro","(0 a 100 kgf/cm2)","Willy",1536,1536,"N/C","Classe A1 ABNT","MSMI","C205258/25",09/07/25,07/10/25,"OBRA 118"
"Manômetro","(0 a 100 kgf/cm2)","Naka",1537,1537,30902,"Classe A1 ABNT","MSMI","C205262/25",09/07/25,07/10/25,"OBRA 118"
"Manômetro","(0 a 10 kgf/cm2)","Naka",1538,1538,"N/C","Classe A1 ABNT","LAFTEC",2304191,19/02/23,20/05/23,"ALMOXARIFADO"
"Manômetro","(0 a 60 kgf/cm2)","Dox",1776,1776,"N/C","N/C","LAFTEC",2518910,17/06/25,15/09/25,"ALMOXARIFADO"
"Manômetro"," (0 a 10 kgf/cm2)","Suplyfer",1868,1868,"N/C","Classe A1 ABNT","LAFTEC",2317942,11/07/23,09/10/23,"ALMOXARIFADO"
"Manômetro","(0 kgf/cm² | 100 kgf/cm²)","Alliance",1997,1997,"N/C","N/C","LAFTEC",2304979,02/03/23,31/05/23,"ALMOXARIFADO"
"Manômetro"," (0 a 10 kgf/cm2)","Asta",3054,"(MAN-EGV-3054)","N/C","N/C","LAFTEC",2304190,17/02/23,18/05/23,"ALMOXARIFADO"
"Manômetro","(0 a 20 kgf/cm2)","ASTA",6115,6115,"N/C","N/C","LAFTEC",2521445,07/07/25,05/10/25,"ALMOXARIFADO"
"Manômetro",,"ARCIDEL",16160,16160,"N/C","N/C","LAFTEC",2215516,08/07/22,06/10/22,"ALMOXARIFADO"
"Manômetro",,"Winters",96089,96089,96089,"N/C","TECNICA CALIB.",2004660,18/08/20,16/11/20,"ALMOXARIFADO"
"Manômetro","(0 a 160 kg/f2)","Wika",239787,239787,239787,"N/C","MSMI","C202326/25",09/07/25,07/10/25,"OBRA 118"
"Manômetro","(0 a 25 kgf/cm2)","Wika",239790,239790,"82002N99","Classe A2 ABNT","MSMI","C202296/25",09/07/25,07/10/25,"OBRA 118"
"Manômetro"," (0 a 25 kgf/cm2)","Wika",239791,239791,"82002N9A","3616SS","LAFTEC",2304196,17/02/23,18/05/23,"ALMOXARIFADO"
"Manômetro","0 kgf/cm² | 250 kgf/cm²","Wika",239792,239792,"82002N9D","316SS","MSMI","C205263/25",09/07/25,07/10/25,"OBRA 118"
"Manômetro","0 kgf/cm² | 250 kgf/cm²","Wika",239794,239794,"82002N9B","316SS","LAFTEC",2503384,06/02/25,07/05/25,"OBRA 118"
"Manômetro","0 kgf/cm² | 250 kgf/cm²","Wika",239796,239796,"82002N9C","316SS","MSMI","C205264/25",09/07/25,07/10/25,"OBRA 118"
"Manômetro","(0 a 60 kg/f2)","Wika",351209,351209,"8200A91C","316SS","LAFTEC",2518909,17/06/25,15/09/25,"ALMOXARIFADO"
"Manômetro","(0 a 160 kgf/cm2)","Wika",351248,351248,"8200A91D","233.34.4.4.1/2""","MSMI","C202312/25",09/07/25,07/10/25,"OBRA 118"
"Manômetro","(0 a 600 kgf/cm2)","Wika","8200A91E","8200A91E","8200A91E","233.34.4.4.1/2""","WIKA DO BRASIL","LMP351247/22",03/06/22,01/09/22,"ALMOXARIFADO"
"Manômetro"," (0 a 25 kgf/cm2)","Wika","8200DA31","8200DA31","8200DA31","233.34.4.1/2""","WIKA DO BRASIL","LPM396525/23",21/07/23,19/10/23,"ALMOXARIFADO"
"Manômetro"," (0 a 50 kgf/cm2)","Wika","8200DA34","8200DA34","8200DA34","233.34.4.1/2""","WIKA DO BRASIL","LPM398386/23",01/08/23,30/10/23,"ALMOXARIFADO"
"Manômetro"," (0 a 7 kgf/cm2)","Harris","MAN-01","MAN-01","N/C","25GX-50L-AR","LAFTEC",2303331,14/02/23,15/05/23,"ALMOXARIFADO"
"Manômetro"," (0 a 7 kgf/cm2)","Harris","MAN-02","MAN-02","N/C","25GX-50L-AR","LAFTEC",2303332,14/02/23,15/05/23,"ALMOXARIFADO"
"Manômetro"," (0 a 20 kgf/cm2)","Arcdal","MAN-03","MAN-03","N/C","N/C","LAFTEC",2303333,14/02/23,15/05/23,"ALMOXARIFADO"
"Manômetro"," (0 a 16 kgf/cm2)","N/C","MAN-04","MAN-04","N/C","N/C","LAFTEC",2303334,14/02/23,15/05/23,"ALMOXARIFADO"
"Manômetro"," (0 a 16 kgf/cm2)","Famabras","MAN-05 (A)","MAN-05 (A)","N/C","RI-16P","LAFTEC",2303335,14/02/23,15/05/23,"ALMOXARIFADO"
"Manômetro"," (0 a 315 kgf/cm2)","Famabras","MAN-05 (B)","MAN-05 (B)","N/C","RI-16P","LAFTEC",2303336,14/02/23,15/05/23,"ALMOXARIFADO"
"Manômetro"," (0 a 7 kgf/cm2)","N/C","MAN-06","MAN-06","N/C","N/C","LAFTEC",2303493,14/02/23,15/05/23,"ALMOXARIFADO"
"Manômetro"," (0 a 7 kgf/cm2)","Famabras","MAN-07","MAN-07","N/C","GLP","LAFTEC",2303494,14/02/23,15/05/23,"ALMOXARIFADO"
"Manômetro"," (0 a 2,5 kgf/cm2)","Condor","MAN-08 (A)","MAN-08 (A)","N/C","BR801","LAFTEC",2303495,14/02/23,15/05/23,"ALMOXARIFADO"
"Manômetro"," (0 a 40 kgf/cm2)","Condor","MAN-08 (B)","MAN-08 (B)","N/C","BR802","LAFTEC",2303496,14/02/23,15/05/23,"ALMOXARIFADO"
"Manômetro"," (0 a 2,5 kgf/cm2)","V8 Brasil","MAN-09 (A)","MAN-09 (A)","N/C","N/C","LAFTEC",2303497,14/02/23,15/05/23,"ALMOXARIFADO"
"Manômetro"," (0 a 40 kgf/cm2)","V8 Brasil","MAN-09 (B)","MAN-09 (B)","N/C","N/C","LAFTEC",2303498,14/02/23,15/05/23,"ALMOXARIFADO"
"Manômetro"," (0 a 16 kgf/cm2)","Metalgás","MAN-10 (A)","MAN-10 (A)","N/C","R102","LAFTEC",2303499,14/02/23,15/05/23,"ALMOXARIFADO"
"Manômetro"," (0 a 315 kgf/cm2)","Metalgás","MAN-10 (B)","MAN-10 (B)","N/C","R102","LAFTEC",2303500,14/02/23,15/05/23,"ALMOXARIFADO"
"Manômetro"," (0 a 16 kgf/cm2)","Famabras","MAN-11 (A)","MAN-11 (A)","N/C","RI-16P","LAFTEC",2303501,14/02/23,15/05/23,"ALMOXARIFADO"
"Manômetro"," (0 a 315 kgf/cm2)","Famabras","MAN-11 (B)","MAN-11 (B)","N/C","RI-16P","LAFTEC",2303502,14/02/23,15/05/23,"ALMOXARIFADO"
"Manômetro"," (0 a 315 kgf/cm2)","Manômetro","MPR-526","MPR-526",83201,"N/C","LAFTEC",2306296,10/03/23,08/06/23,"ALMOXARIFADO"
"Manômetro ","(0 a 250 kgf/cm2)","Wika",443073,"443073-24","8200GARG","233.34.41/2""","WIKA DO BRASIL","LMP443073-24",21/09/24,20/12/24,"OBRA 118"
"Manômetro ","(0 a 10 kgf/cm2)","ASTA",1873,1873,"N/C","N/C","MSMI","C205250/25",09/07/25,07/10/25,"OBRA 118"
"Manômetro ","0 kgf/cm² | 15 kgf/cm²","ASTA","3098/13","3098/13","A162166","N/C","MSMI","C205254/25",09/07/25,07/10/25,"OBRA 118"
"Manômetro ","0 kgf/cm² | 4 kgf/cm²","ASTA","3149/13","3149/13","N/C","N/C","LAFTEC",2503376,06/02/25,07/05/25,"OBRA 118"
"Manômetro ","0 kgf/cm² | 20 kgf/cm²","ASTA",4424,4424,"A162105","N/C","LAFTEC",2503379,06/02/25,07/05/25,"OBRA 118"
"Manômetro (AF Serviços Técnicos)"," (0 a 250 kgf/cm2)","N/C","PI-001AF","PI-001AF","N/C","N/C","AF SERV.IND.","0510/24",20/09/24,19/12/24,"OBRA 118"
"Manômetro Digital","BOING","KELLER","N/C","N/C",31084,"LEO RECORD EI","ABSI SERVICE","240764/24",01/08/24,30/10/24,"OBRA 118"
"Manômetro Digital","BOING","ZURICH","N/C","N/C","N/C","Z-10-RG","ABSI SERVICE","CAL - 249509/25",07/04/25,06/07/25,"OBRA 118"
"Manômetro Digital","BOING","ABSI","N/C","N/C",15999,"ABSI DIG - 100 - G","ABSI SERVICE","CAL - 249510/25",07/04/25,06/07/25,"OBRA 118"
"Manômetro Analógico","0 kgf/cm² | 10 kgf/cm²","Suplyfer",1868,,,"N/C","LAFTEC",2501249,15/01/25,15/04/25,"OBRA 118"
"Manômetro Analógico","0 kgf/cm² | 250 kgf/cm²","Wika",443073,,,"316SS","LAFTEC",2501250,15/01/25,15/04/25,"OBRA 118"
"Manômetro Analógico","0 kgf/cm² | 2.0 kgf/cm²","TUB","MPR-109",,,"N/C","LAFTEC",2501248,15/01/25,15/04/25,"OBRA 118"
"Manômetro Analógico","BOING","ASHCROFT","MBG 84","MBG 84","N/C","N/C","TORK",25045861,04/04/25,03/07/25,"OBRA 118"
"Manômetro Analógico","BOING","CELLA","PI-02","PI-02",1465,"N/C","TORK",25045862,04/04/25,03/07/25,"OBRA 118"
"Manômetro Analógico","BOING","WILLY",11,11,"N/C","N/C","TORK",25045863,04/04/25,03/07/25,"OBRA 118"
"Manômetro- Máquina de Jato",,"ARC- DAL",170074,170074,"N/C","ARC 130/14-301","OFFICE-TEC SERVICE","170074/21",28/09/21,28/09/22,"ALMOXARIFADO"
"Manômetro- Máquina de Jato",,"ARC- DAL","166018/21","166018/21","N/C","ARC 130/14-300","OFFICE-TEC SERVICE","166018/21",19/05/21,19/05/22,"ALMOXARIFADO"
"Manômetro- Máquina de Jato",,"ARC- DAL","166020/21","166020/21","N/C","ARC 130/14-300","OFFICE-TEC SERVICE","166020/21",19/05/21,19/05/22,"ALMOXARIFADO"
"Manômetro- Máquina de Jato",,"ARC- DAL","166021/21","166021/21","N/C","ARC 130/14-300","OFFICE-TEC SERVICE","166021/21",19/05/21,19/05/22,"ALMOXARIFADO"
"Manometro","0 kgf/cm² | 30 kgf/cm²","PAVIMETRICA","MAN-001","MAN-001","N/C","N/C","MSMI","C179673/25",23/06/25,21/09/25,"ONBRA 118"
"Manometro Analógico","0 a 315 kgf","Wika","MAN-12/A","MAN-12/A","NC","NC","LAFTEC",2517519,04/06/25,02/09/25,"OBRA 121"
"Manometro Analógico","0 A 40 L/min","Wika","MAN-12/B","MAN-12/B","NC","NC","LAFTEC",2517520,04/06/25,02/09/25,"OBRA 121"
"Manometro Analógico","0 a 70 kgf","n/c","MAN-13/A","MAN-13/A","NC","NC","LAFTEC",2517521,04/06/25,02/09/25,"OBRA 121"
"Manometro Analógico","0 kgf/cm² a 315 kgf/cm²","n/c","MAN-13/B","MAN-13/B","NC","NC","LAFTEC",2517522,04/06/25,02/09/25,"OBRA 121"
"Manometro Analógico","0 L/min | 40 L/min","n/c","MAN-14/A","MAN-14/A","NC","NC","LAFTEC",2517523,04/06/25,02/09/25,"OBRA 121"
"Manometro Analógico","0 kgf/cm² | 315 kgf/cm²","n/c","MAN-14/B","MAN-14/B","NC","NC","LAFTEC",2517524,04/06/25,02/09/25,"OBRA 121"
"Manometro Analógico","0 L/min | 40 L/min","n/c","MAN-15/A","MAN-15/A","NC","NC","LAFTEC",2517525,04/06/25,02/09/25,"OBRA 121"
"Manometro Analógico","0 kgf/cm² | 315 kgf/cm²","n/c","MAN-15/B","MAN-15/B","NC","NC","LAFTEC",2517526,04/06/25,02/09/25,"OBRA 121"
"Manometro Analógico","0 L/min | 40 L/min","n/c","MAN-16/A","MAN-16/A","NC","NC","LAFTEC",2517527,04/06/25,02/09/25,"OBRA 121"
"Manometro Analógico","0 kgf/cm² | 280 kgf/cm²","n/c","MAN-16/B","MAN-16/B","NC","NC","LAFTEC",2517528,04/06/25,02/09/25,"OBRA 121"
"Manometro Analógico","0 kgf/cm² | 315 kgf/cm²","n/c","MAN-17/A","MAN-17/A","NC","NC","LAFTEC",2517529,04/06/25,02/09/25,"OBRA 121"
"Manometro Analógico","0 kgf/cm² | 16 kgf/cm²","n/c","MAN-17/B","MAN-17/B","NC","NC","LAFTEC",2517530,04/06/25,02/09/25,"OBRA 121"
"Manometro Analógico","0 kgf/cm² | 40 kgf/cm²","n/c","MAN-18/A","MAN-18/A","NC","NC","LAFTEC",2517531,04/06/25,02/09/25,"OBRA 121"
"Manometro Analógico","0 kgf/cm² | 3 kgf/cm²","wika","MAN-18/B","MAN-18/B","NC","NC","LAFTEC",2517532,04/06/25,02/09/25,"OBRA 121"
"Manometro Analógico","0 L/min | 40 L/min","nc","MAN-19/A","MAN-19/A","NC","NC","LAFTEC",2517533,04/06/25,02/09/25,"OBRA 121"
"Manometro Analógico","0 kgf/cm² | 315 kgf/cm²","nc","MAN-19/B","MAN-19/B","NC","NC","LAFTEC",2517534,04/06/25,02/09/25,"OBRA 121"
"Manometro Analógico","0 bar | 315 bar","Wika","MAN-20/A","MAN-20/A","N/C","N/C","N/C",2521287,07/07/25,05/10/25,"OBRA 118"
"Manometro Analógico","0 bar | 400 bar","Wika","MAN-20/B","MAN-20/B","N/C","N/C","N/C",2521288,04/07/25,02/10/25,"OBRA 118"
"Manometro Analógico","0 bar | 315 bar","Wika","MAN-21/A","MAN-21/A","N/C","N/C","N/C",2521289,04/07/25,02/10/25,"OBRA 118"
"Manometro Analógico","0 bar | 400 bar","Wika","MAN-21/B","MAN-21/B","N/C","N/C","N/C",2521290,04/07/25,02/10/25,"OBRA 118"
"Manometro Analógico","0 kgf/cm² | 10 kgf/cm²","ASTA",8154,8154,"N/C","N/C","N/C",2521448,07/07/25,05/10/25,"ALMOXARIFADO"
"Manometro Analógico","0 kgf/cm² | 10 kgf/cm²","ASTA",1867,1867,"N/C","N/C","N/C",2521447,07/07/25,05/10/25,"ALMOXARIFADO"
"Manometro Analógico","0 kgf/cm² | 20 kgf/cm²","ASTA",8469,8469,"N/C","N/C","N/C",2521446,07/07/25,05/10/25,"ALMOXARIFADO"
"Manômetro ","(0 a 150 kgf/cm2)","Wika",443071,"443071-24","8200GARF","233.34.41/2"" (316SS)","MSMI","C163219/25",09/06/25,07/09/25,"OBRA 118"
"Manômetro ","(0 a 150 kgf/cm2)","Wika",443072,"443072-24","8200GARE","233.34.41/2"" (316SS)","MSMI","C163344/25",09/06/25,07/09/25,"OBRA 118"
"Manômetro-Maquina de Jato",,"Lube Fer",175918,175918,175918,"LUB-30","OFFICE-TEC SERVICE","175918/22",21/06/22,21/06/23,"ALMOXARIFADO"
"Manômetro-Maquina de Jato",,"Lube Fer",175920,175920,175920,"LUB-30","OFFICE-TEC SERVICE","175920/22",21/06/22,21/06/23,"ALMOXARIFADO"
"Manômetro-Maquina de Jato",,"Techgel",176291,176291,176291,"N/C","OFFICE-TEC SERVICE","176291/22",21/06/22,21/06/23,"ALMOXARIFADO"
"Manômetro-Maquina de Jato",,"Techgel",176294,176294,176294,"N/C","OFFICE-TEC SERVICE","176294/22",21/06/22,21/06/23,"ALMOXARIFADO"
"Manômetro-Maquina de Jato",,"ArcDal",177712,177712,177712,"ARC-131/14-160","OFFICE-TEC SERVICE","177712/22",21/06/22,21/06/23,"ALMOXARIFADO"
"Manômetro-Maquina de Jato",,"ArcDal",177713,177713,177713,"ARC-131/14-160","OFFICE-TEC SERVICE","177713/22",21/06/22,21/06/23,"ALMOXARIFADO"
"Manômetro-Maquina de Jato","0 kgf/cm² | 20 kgf/cm²","Techgel",197818,197818,"N/C","N/C","MSMI","C212317/25",17/07/25,15/10/25,"OBRA 118"
"Manômetro-Maquina de Jato",,,197820,197820,"N/C","N/C","OFFICE-TEC SERVICE",197820,13/05/24,10/05/25,"OBRA 118"
"Manômetro-Maquina de Jato",,,197822,197822,"N/C","N/C","OFFICE-TEC SERVICE",197822,13/05/24,10/05/25,"OBRA 118"
"Manômetro-Maquina de Jato",,"ArcDal","PS-033","PS-033","N/C","N/C","MSMI","C212319/25",17/07/25,17/07/26,"OBRA 118"
"Manômetro-Maquina de Jato",,"ArcDal","PS-034","PS-034","N/C","N/C","LAFTEC",2415689,19/06/24,19/06/25,"OBRA 118"
"Manômetro-Maquina de Jato",,,"PS-035","PS-035","N/C","N/C","MSMI","C212318/25",17/07/25,17/07/26,"OBRA 118"
"Manômetro-Maquina de Jato",,,"PS-036","PS-036","N/C","N/C","LAFTEC","desativado","desativado",,
"Manômetro Digital CL.A3","0 a 250 bar","Salvi","T 119.009/25",,,323,"KILTLER DO BRASIL","T 119.009/25",15/01/25,15/01/26,"OBRA 118"
"Manômetro Digital CL.A3","0 a 250 bar","Salvi","T 119.010/25",,,323,"KILTLER DO BRASIL","T 119.010/25",15/01/25,15/01/26,"OBRA 118"
"Medidor de Camada Digital",,"NOVOTEST",140,140,949301,"CM-8822","TECNOLAB","10407/20",10/07/20,30/06/22,"ALMOXARIFADO"
"Medidor de Camada Digital",,"NOVOTEST",141,141,949300,"CM-8822","TECNOLAB","10408/20",10/07/20,30/06/22,"ALMOXARIFADO"
"Medidor de Camada Tipo Pente- 10409-20",,"NOVOTEST",134,134,"N/C","AC-3000","TECNOLAB",2300715,23/01/23,12/01/25,"ALMOXARIFADO"
"Medidor de Camada Tipo Pente- 10410-20",,"NOVOTEST",135,135,"N/C","AC-3000","LAFTEC",2415663,18/06/24,08/06/26,"OBRA 118"
"Medidor de Camadas Digital",,"Minipa",1810,1810,"MCT00000016J","MCT-300","METRUS","D0688006-1019",01/11/19,21/10/21,"ALMOXARIFADO"
"Medidor de Camadas Ferroso",,"N/C",1370,1370,"N425624","CM-8822","METRUS",2306279,23/11/21,13/11/23,"ALMOXARIFADO"
"Medidor de Camadas Ferroso",,"Instrutherm",1812,1812,467087,"ME-240","LAFTEC",2211562,30/05/22,19/05/24,"ALMOXARIFADO"
"Medidor de Camadas Ferroso",,"TECNOMEDIÇÃO","MEC-002","MEC-002","1911-P150110","SMEC-II Plus","TECNOISO",2001199,21/02/22,21/02/23,"ALMOXARIFADO"
"Medidor de Camadas Umida",,"Precistec",1971,1971,6677,"MED-1200","Precistec","0709/2020",20/02/20,09/02/22,"ALMOXARIFADO"
"Medidor de Espessura de Camadas Umida","25 μm | 3000 μm","Medtec",1972,1972,6857,"MED-3000","LAFTEC",2222642,03/10/22,22/09/24,"ALMOXARIFADO"
"Medidor de Espessura de Película Seca",,,1811,1811,"1911-P150110","SMEC-II Plus","LAFTEC",2415662,18/06/24,08/06/26,"OBRA 118"
"Medidor de Espessura Digital",,"NOVOTEST",136,136,927205,"TM-8812","TECNOLAB","10411/20",10/07/20,30/06/22,"ALMOXARIFADO"
"Medidor de Espessura Digital",,"NOVOTEST",137,137,927269,"TM-8812","TECNOLAB","10412/20",10/07/20,30/06/22,"ALMOXARIFADO"
"Medidor de Espessura Digital",,"NOVOTEST",138,138,909099,"TM-8812","LAFTEC",2222015,06/10/22,25/09/24,"ALMOXARIFADO"
"Medidor de Espessura Digital",,"NOVOTEST",139,139,927263,"TM-8812","TECNOLAB","10414/20",10/07/20,30/06/22,"ALMOXARIFADO"
"Medidor de Espessura Digital",,"NOVOTEST",2055,2055,"N963363","TM-8812","LAFTEC",2415668,19/06/24,09/06/26,"OBRA 118"
"Medidor de Espessura ",,"Tecnomedição",2194,2194,"3713-P15012025","3713-P15012025","A & M PROD.SERV.","C2001/25",14/01/25,14/01/26,"OBRA 118"
"Medidor de Espessura Ultrassônico","0.6 mm | 508 mm","GE",1933,1933,"DM5EG1803456","DM5E","LAFTEC",2415669,19/06/24,19/06/25,"OBRA 118"
"Medidor de pH e Condutividade","Desativado","Instrutemp",1929,1929,130810023,"ITPH-3000","LAFTEC","Desativado","Desativado","Desativado","ALMOXARIFADO"
"Medidor Digital de Resistividade do Solo",,"Instrum",1928,1928,"IN816060-24418","TMD20KW","TECNICA CALIB.",1906616,04/11/19,24/10/21,"ALMOXARIFADO"
"Medidor de Temperatura","BOING (Verificar a validade)","N/C","N/C",210624468,"N/C","DT-8321","INSTRUTEMP","00030742/24",06/08/24,27/07/26,"OBRA 118"
"Medidor de Vazão","BOING (Verificar a validade)",,"N/C","N/C","N/C","TURL-32-S-NA-KTL","DIGIFLOW","5568-24",02/09/24,23/08/26,"OBRA 118"
"Megômetro ",,"Megabras ",7,7,"MU3185H","MD-1035e","TÉCNICA CALIB.",2203247,21/07/22,10/07/24,"ALMOXARIFADO"
"Megômetro ","0 MOhm a 8000 Mohm","Minipa",953,953,"MI2700000194","MI-2700","TÉCNICA CALIB.",2300535,22/02/23,11/02/25,"ALMOXARIFADO"
"Megômetro ","0 MOhm a 8000 Mohm","Minipa",958,958,"MI2700000362","MI-2700","TÉCNICA CALIB.",2300536,22/02/23,11/02/25,"ALMOXARIFADO"
"Megômetro ",,"Minipa",1116,1116,"MI2700000204","MI-2700","LAFTEC",2224239,19/10/22,08/10/24,"ALMOXARIFADO"
"Megômetro ",,"Megabras ",1564,1564,"OG3073H","MD-1035e","TÉCNICA CALIB.",2300533,20/02/23,09/02/25,"ALMOXARIFADO"
"Megômetro ",,"Megabras ",1819,1819,"MO1206L","MD-1035e","TÉCNICA CALIB.",2300534,20/02/23,09/02/25,"ALMOXARIFADO"
"Megômetro ",,"Megabras ",1820,1820,"MO8516J","MD-5060X","TÉCNICA CALIB.",2300532,20/02/23,09/02/25,"ALMOXARIFADO"
"Micrômetro Intercambiável","300 mm | 400 mm","Digimess",317,317,181218545,"110-223","LAFTEC",2506016,27/02/25,21/08/26,"ALMOXARIFADO"
"Micrômetro Intercambiável","200 mm | 300 mm","Digimess",1835,1835,130730249,"110-222","LAFTEC",2506015,27/02/25,21/08/26,"OBRA 118"
"Micrômetro Externo",,"Digimess",319,319,181230319,"N/C","LAFTEC",2302059,26/01/23,19/07/24,"ALMOXARIFADO"
"Micrômetro Externo","(AF-101011)","Digimess",320,320,181058523,"110-225","METRUS","D0688004-0122",18/01/22,12/07/23,"ALMOXARIFADO"
"Micrômetro Externo",,"Digimess",1837,1837,111058547,"N/C","METRUS","D0688010-0620",08/07/20,30/12/21,"ALMOXARIFADO"
"Micrômetro Externo",,"Digimess",1918,1918,1700418480,"3206-500","LAFTEC",2302058,26/01/23,19/07/24,"ALMOXARIFADO"
"Micrômetro Externo",,"Digimess","AF 101010","AF 101010",181230319,110224,"METROLOGIA 9000","MTR2425-20",13/07/20,04/01/22,"ALMOXARIFADO"
"Micrômetro Externo",,"Digimess","AF 101012","AF 101012",181218545,110223,"METROLOGIA 9000","MTR2424-20",13/07/20,04/01/22,"ALMOXARIFADO"
"Micrômetro Externo",,"Digimess","MEX-007","MEX-007",100571662,"N/C","METRUS","D0688003-0719",15/08/19,05/02/21,"ALMOXARIFADO"
"Micrômetro Externo","Almoxarifado Verificar",,1835,,,,,,,,
"Multimetro Digital",,"Minipa",1412,"NC","ET-2651001482","ET-2651","LAFTEC",2224246,20/10/22,12/04/24,"ALMOXARIFADO"
"Multimetro Digital",,"Minipa",1847,1847,"N/C","ET-2231A","METRUS","E0688002-0122",24/01/22,18/07/23,"ALMOXARIFADO"
"Multimetro Digital",,"Fluke",1848,1848,"N/C","85III","LAFTEC",2309343,26/05/23,16/11/24,"ALMOXARIFADO"
"Multimetro Digital ",,"Fluke",1434,1434,87840176,"87V","LAFTEC",2415649,21/06/24,13/12/25,"OBRA 118"
"Nível de Bolha",,"Stanley","105-17","105-17","N/C","42-886S","METRUS","D0688017-0720",15/07/20,05/07/22,"ALMOXARIFADO"
"Nível de Bolha",,"Stanley","105-18","105-18","N/C","42-886S","METRUS","D0688018-0720",15/07/20,05/07/22,"ALMOXARIFADO"
"Nível de Bolha",,"Stanley","105-19","105-19","N/C","42-886S","METRUS","D0688019-0720",15/07/20,05/07/22,"ALMOXARIFADO"
"Nível de Bolha",,"Stanley","105-20","105-20","N/C","42-886S","METRUS","D0688020-0720",15/07/20,05/07/22,"ALMOXARIFADO"
"Nível de Bolha",,"Stanley","105-21","105-21","N/C","42-886S","METRUS","D0688021-0720",15/07/20,05/07/22,"ALMOXARIFADO"
"Nível de Bolha",,"Stanley","105-22","105-22","N/C","42-886S","LAFTEC",2300721,23/01/23,12/01/25,"ALMOXARIFADO"
"Nível de Bolha",,"Stanley","105-23","105-23","N/C","42-886S","METRUS","D0688023-0720",15/07/20,05/07/22,"ALMOXARIFADO"
"Nível de Bolha",,"Stanley","105-24","105-24","N/C","42-886S","METRUS","D0688024-0720",15/07/20,05/07/22,"ALMOXARIFADO"
"Nível de Bolha",,"Stanley","NB-001","NB-001","N/C","42-886S","TECNICA CALIB.",2004428,29/07/19,18/07/21,"ALMOXARIFADO"
"Nível de Bolha",,"Stanley","NB-002","NB-002","N/C","42-886S","TECNICA CALIB.",2004429,29/07/19,18/07/21,"ALMOXARIFADO"
"Nível de Bolha",,"Stanley","NB-003","NB-003","N/C","42-886S","TECNICA CALIB.",2004430,29/07/19,18/07/21,"ALMOXARIFADO"
"Nível de Bolha",,"Stanley","NB-004","NB-004","N/C","42-886S","TECNICA CALIB.",2004431,29/07/19,29/07/21,"ALMOXARIFADO"
"Nível de Bolha",,"Starrett","NB-098-001","NB-098-001","N/C","LIS 14","METRUS","D0688001-0321",19/03/21,09/03/23,"ALMOXARIFADO"
"Nível de Bolha",,"Starrett","NB-098-002","NB-098-002","N/C","LTS 9","METRUS","D0688002-0321",19/03/21,09/03/23,"ALMOXARIFADO"
"Nível de Bolha",,"Starrett","NB-098-003","NB-098-003","N/C","LTS 9","METRUS","D0688003-0321",19/03/21,09/03/23,"ALMOXARIFADO"
"Nível de Bolha",,"Starrett","NB-098-004","NB-098-004","N/C","LTS 9","METRUS","D0688004-0321",19/03/21,09/03/23,"ALMOXARIFADO"
"Nível de Bolha",,"Stanley","NI-001","NI-001","N/C","42-886","METRUS",2001359,12/01/22,02/01/24,"ALMOXARIFADO"
"Nível de Bolha",,"Stanley","NI-032","NIV-032","N/C","MAC-7000","LAFTEC",2215135,07/07/22,26/06/24,"ALMOXARIFADO"
"Nível de Bolha",,"Stanley","NI-051","NI-051","N/C","42-886","LAFTEC",2215134,07/07/22,26/06/24,"ALMOXARIFADO"
"Nível de Bolha",,"Thompson","NI-156/A","NI-156/A","N/C","MAC-7012","THOMPSON","D0688013-0619",07/06/19,27/05/21,"ALMOXARIFADO"
"Nível de Bolha",,"Thompson","NI-157","NI-157","N/C","MAC-7000","METRUS","D0688020-0619",07/06/19,27/05/21,"ALMOXARIFADO"
"Nível de Bolha",,"Thompson","NI-158","NI-158","N/C","MAC-7000","METRUS","D0688013-1118",13/11/18,02/11/20,"ALMOXARIFADO"
"Nível de Bolha",,"Thompson","NI-159","NI-159","N/C","MAC-7012","METRUS","D0688014-1118",13/11/18,02/11/20,"ALMOXARIFADO"
"Nível de Bolha",,"Stanley","NI-280/A","NI-280/A","N/C","42-886","TECNICA CALIB.",2001360,11/03/20,01/03/22,"ALMOXARIFADO"
"Nível de Bolha",,"Thompson","NI-283/A","NI-283/A","N/C","MAC-7000","LAF METROLOGIA",1800637,06/02/18,27/01/20,"ALMOXARIFADO"
"Nível de Bolha",,"Stanley","NI-284","NI284","N/C","42-886S","LAFTEC",2307198,22/03/23,11/03/25,"ALMOXARIFADO"
"Nível de Bolha",,"Stanley","NI-285","NI285","N/C","42-886S","LAFTEC",2307199,22/03/23,11/03/25,"ALMOXARIFADO"
"Nível de Bolha",,"Stanley","NI-286","NI286","N/C","42-886S","LAFTEC",2307200,22/03/23,11/03/25,"OBRA 118"
"Nível de Bolha",,"Stanley","NI-287","NI287","N/C","42-886S","LAFTEC",2307201,22/03/23,11/03/25,"OBRA 118"
"Nível de Bolha",,"Stanley","NI-288","NI-288","N/C","42-886","LAFTEC",2311808,11/05/23,30/04/25,"OBRA 118"
"Nível de Bolha",,"Stanley","NI-289","NI-289","N/C","42-886","LAFTEC",2311807,11/05/23,30/04/25,"ALMOXARIFADO"
"Nível de Bolha",,"Stanley","NI-290","NI-290","N/C","42-886","LAFTEC",2311809,11/05/23,30/04/25,"ALMOXARIFADO"
"Nível de Bolha",,"Stanley","NI-291","NI-291","N/C","42-886","LAFTEC",2311810,11/05/23,30/04/25,"ALMOXARIFADO"
"Nível de Bolha",,"Stanley","NI-292","NI-292","N/C","42-886","LAFTEC",2311811,11/05/23,30/04/25,"ALMOXARIFADO"
"Nível de Bolha",,"Stanley","NI-293","NI-293","N/C","42-886","LAFTEC",2311812,11/05/23,30/04/25,"OBRA 118"
"Nível de Bolha",,"Stanley","NI-295","NI-295","N/C","42-887S","LAFTEC",2421251,19/07/24,09/07/26,"ALMOXARIFADO"
"Nível de Bolha",,"Stanley","NI-296","NI-296","N/C","42-887S","LAFTEC",2421252,19/07/24,09/07/26,"ALMOXARIFADO"
"Nível de Bolha",,"Stanley","NI-297","NI-297","N/C","42-887S","LAFTEC",2421253,19/07/24,09/07/26,"ALMOXARIFADO"
"Nível de Bolha",,"Stanley","NI-298","NI-298","N/C","42-887S","LAFTEC",2421254,19/07/24,09/07/26,"ALMOXARIFADO"
"Nível de Bolha",,"Stanley","NI-299","NI-299","N/C","42-886S","LAFTEC",2421255,19/07/24,09/07/26,"ALMOXARIFADO"
"Nível de Bolha",,"Stanley","NI-300","NI-300","N/C","42-886S","LAFTEC",2421256,19/07/24,09/07/26,"ALMOXARIFADO"
"Nível de Bolha",,"Stanley","NI-301","NI-301","N/C","42-886S","LAFTEC",2421257,19/07/24,09/07/26,"ALMOXARIFADO"
"Nível de Bolha",,"Stanley","NI-302","NI-302","N/C","42-886S","LAFTEC",2421258,19/07/24,09/07/26,"ALMOXARIFADO"
"Nível de Bolha",,"Stanley","NI-303","NI-303","N/C","42-886S","LAFTEC",2421259,19/07/24,09/07/26,"ALMOXARIFADO"
"Nível de Bolha",,"Stanley","NI-304","NI-304","N/C","42-886S","LAFTEC",2121260,19/07/24,09/07/26,"ALMOXARIFADO"
"Nível de Bolha",,"Stanley","NI-305","NI-305","N/C","42-886S","LAFTEC",2421261,19/07/24,09/07/26,"ALMOXARIFADO"
"Nível de Bolha",,"Stanley","NI-306","NI-306","N/C","42-886S","LAFTEC",2421262,19/07/24,09/07/26,"ALMOXARIFADO"
"Nível de Bolha",,"Stanley","NI-307","NI-307","N/C","42-886S","LAFTEC",2421263,19/07/24,09/07/26,"ALMOXARIFADO"
"Nível de Bolha",,"Stanley","NI-308","NI-308","N/C","42-886S","LAFTEC",2421264,19/07/24,09/07/26,"ALMOXARIFADO"
"Nível de Bolha",,"Stanley","NI-63","NIV-63","N/C","42-886S","LAFTEC",2218826,01/09/22,21/08/24,"ALMOXARIFADO"
"Nível de Bolha",,"Stanley","NI-64","NIV-64","N/C","42-886S","LAFTEC",2218827,01/09/22,21/08/24,"ALMOXARIFADO"
"Nível de Bolha",,"Stanley","NI-65","NIV-65","N/C","42-886S","LAFTEC",2215137,07/07/22,26/06/24,"ALMOXARIFADO"
"Nível de Bolha",,"Stanley","NI-66","NIV-66","N/C","42-886S","LAFTEC",2415676,14/06/24,04/06/26,"OBRA 118"
"Nível de Bolha",,"Stanley","NI-67","NIV-67","N/C","42-886S","LAFTEC",2215139,07/07/22,26/06/24,"ALMOXARIFADO"
"Nível de Bolha",,"Stanley","NI-68","NIV-68","N/C","42-886S","METRUS","D0688006-0821",09/08/21,30/07/23,"ALMOXARIFADO"
"Nível de Bolha",,"Stanley","NI-69","NIV-69","N/C","42-886S","METRUS","D0688007-0821",09/08/21,30/07/23,"ALMOXARIFADO"
"Nível de Bolha",,"Stanley","NI-70","NIV-70","N/C","42-886S","METRUS","D0688008-0821",09/08/21,30/07/23,"ALMOXARIFADO"
"Nível de Bolha",,"Stanley","NI-71","NIV-71","N/C","42-886S","LAFTEC",2415677,14/06/24,04/06/26,"OBRA 118"
"Nível de Bolha",,"Stanley","NI-72","NIV-72","N/C","42-886S","LAFTEC",2218828,01/09/22,21/08/24,"ALMOXARIFADO"
"Nível de Bolha",,"Stanley","NI-94","NI-94","N/C","42-886","METRUS","D0688019-0619",07/06/19,27/05/21,"ALMOXARIFADO"
"Nível de Bolha",,"Thompson","NIV-001","NIV-001","N/C","MAC-7000","METRUS","D0688017-0619",07/06/19,27/05/21,"ALMOXARIFADO"
"Nível de Bolha",,"Thompson","NIV-006","NIV-006","N/C","N/C","METRUS","D0688002-0618",08/06/18,28/05/20,"ALMOXARIFADO"
"Nível de Bolha",,"Stanley","NIV-173/A","NIV-173/A","N/C","42-886","METRUS","D0688015-0619",07/06/19,27/05/21,"ALMOXARIFADO"
"Nível de Bolha",,"Thompson","NIV-31","NIV-31","N/C","MAC-7012","METRUS","D0688014-0619",07/06/19,27/05/21,"ALMOXARIFADO"
"Nível de Bolha",,"Thompson","NIV-43","NIV-43","N/C","42-886","METRUS","D0688015-1118",13/11/18,02/11/20,"ALMOXARIFADO"
"Nível de Bolha",,"Vonder","NIV-48","NIV-48","N/C","NM120","METRUS","D0688011-0619",07/06/19,27/05/21,"ALMOXARIFADO"
"Nível de Bolha",,"Stanley","NIV-53","NIV-53","N/C","N/C","METRUS","D0688018-0619",07/06/19,27/05/21,"ALMOXARIFADO"
"Nível de Bolha",,"Stanley","NIV-56","NIV-56","N/C","42-886","LAF METROLOGIA",1800636,06/02/18,27/01/20,"ALMOXARIFADO"
"Nível de Bolha",,"Stanley","NIV-61","NIV-61","N/C","42-886","METRUS","D0688016-0619",07/06/19,27/05/21,"ALMOXARIFADO"
"Nível de Bolha",,"Stanley","NIV-63","NIV-63","N/C","42-886","METRUS","D0688003-0618",08/06/18,28/05/20,"ALMOXARIFADO"
"Nível Goniométrico Digital (inclinometro digital)",,"Bosch",1777,1777,3010000577,"GIM60L","LAFTEC",2506011,28/02/25,18/02/27,"ALMOXARIFADO"
"Nível Goniométrico Digital (inclinometro digital)",,"Bosch",1863,1863,308000000,"GIM602","LAFTEC",2415675,18/06/24,08/06/26,"OBRA 118"
"Nível Goniométrico Digital (inclinometro digital)","0 ° | 90 °","Bosch",1864,1864,308001262,"GIM 60 L","LAFTEC",2506012,28/02/25,18/02/27,"OBRA 118"
"Nível Goniométrico Digital (inclinometro digital)","0 º | 180 º","Bosch","ESQN-001","ESQN-001",601096603,"DWM 40L","LAFTEC",2506010,28/02/25,18/02/27,"OBRA 121"
"Nível Goniométrico Digital (inclinometro digital)",,"Digimess","ESQN-002","ESQN-002",2310000110,"272-300","LAFTEC",2423156,25/07/24,15/07/26,"OBRA 118"
"Nível Ótico",,"Kolida",1953,1953,1094754,"KL32","METRUS","D0688001-0124",17/01/24,06/01/26,"ALMOXARIFADO"
"Oxímetro Digital",,"Ventis Industrial","N/C","N/C","110966B-049","MX4","CENTRAL BRASIL","5273.19",06/11/19,05/11/20,"ALMOXARIFADO"
"Oxímetro Digital",,"Ventis Industrial","N/C","N/C","110966B-051","MX4","CENTRAL BRASIL","5274.19",06/11/19,05/11/20,"ALMOXARIFADO"
"Oxímetro Digital (Purge Monitor)","Locado","N/C",348,348,348,"772 Purge Monitor","INTERCON ","180801-2",16/06/23,15/06/24,"ALMOXARIFADO"
"Paquimetro","Marcelo Ricci (NTS_N2)","DIGIMESS","CWI-PAQ-001","CWI-PAQ-001","n/c","100.001a","INSTRUCALL","0877/22",01/06/22,21/05/24,"ALMOXARIFADO"
"Paquimetro",,"Mitutoyo","PAQ-011","PAQ-011","BG076780","530-114B-10","LAFTEC",2428325,05/09/24,26/08/26,"OBRA 118"
"Paquimetro ",,"Mitutoyo","PAQ-012","PAQ-012",8808922,"530-114B-10","LAFTEC",2433433,18/10/24,08/10/26,"OBRA 118"
"Paquimetro (Calibrador) de Profundidade Digital",,"Digital Tread Depth Gauge","PS-038","PS-038","N/C","DIGITAL ","TECNOISO",14101220221,21/02/22,11/02/24,"ALMOXARIFADO"
"Paquimetro de Profundidade Digital",,"Digimess","P-001","P-001","N/C","DIGITAL ","TECNOISO",14103220221,21/02/22,21/02/23,"OBRA 118"
"Paquimetro de Profundidade Digital",,"Digimess","P-01","N/C","N/C","N/C","METRUS","D0688008-0122",24/01/22,14/01/24,"ALMOXARIFADO"
"Paquimetro de Profundidade Digital",,"Digimess","PNT-002","PNT-002","NC","100-200L","LAFTEC",2415659,14/06/24,04/06/26,"OBRA 118"
"Paquimetro Quadrimensional",,"Mitutoyo","PAQ-009","PAQ-009",80367703,"530-115","LAFTEC",2305349,10/03/23,27/02/25,"OBRA 118"
"Paquimetro Quadrimensional",,"Mitutoyo","PS-037","PS-037","BG076406","N/C","METRUS","D0688009-0122",24/01/22,14/01/24,"ALMOXARIFADO"
"Paquimetro Quadrimensional Analógico",,"Mitutoyo","N/C","N/C",6825125,"N/C","BaliTek","N1773/2019",21/05/19,10/05/21,"ALMOXARIFADO"
"Paquimetro Universal Quadrimensional",,"Starrett","799 (13/4007)","799 (13/4007)","13/400077","799A-6/150","LAFTEC",2415697,14/06/24,04/06/26,"OBRA 118"
"Paquimetro Universal Quadrimensional",,"Mitutoyo","PAQ-002","PAQ-002","J7066014","N/C","Metrus","D0688001-0122",12/01/22,02/01/24,"ALMOXARIFADO"
"Pastilha Sensora",,"Metal Check",1081,1081,"N1598-1081","N/C","METRUS","D0688001-0123",30/01/23,"INDETERMINADO","OBRA 118"
"Pastilha Sensora",,"Metal Check",1105,1105,"N-1598-1105","N/C","METRUS","D0688004-0620",30/06/20,"INDETERMINADO","ALMOXARIFADO"
"Pastilha Sensora",,"Metal Check",1122,1122,"N-1598-1122","N/C","METRUS","D0688005-0620",30/06/20,"INDETERMINADO","ALMOXARIFADO"
"Pastilha Sensora","(Particula Magnetica)","Serv-End",3185,3185,3185,"ABNT-NBR NM 342","Serv-End","7349/22",10/10/22,"INDETERMINADO","OBRA 118"
"Pastilha Sensora",,"Metal Check","N1658","N1658","N/C","NM-342","METRUS","D0688003-1019",04/11/19,"INDETERMINADO","OBRA 118"
"Peso - Padrão (Yoke)",,"Serv-End","N/C","N/C",1857,"SEP 006","METROLOGIA 9000","MTR2408-20",13/07/20,03/07/22,"ALMOXARIFADO"
"Peso Padrão",,"n/c","CP-1040","CP-1040","N/C","N/C","LAFTEC",1713886,28/08/17,12/08/20,"ALMOXARIFADO"
"Peso Padrão 5, 5KG",,"n/c",319,319,"N/C","N/C","METRUS","M0688001-0620",01/07/20,16/06/23,"ALMOXARIFADO"
"Peso Padrão 5, 5KG","(Particula Magnetica)","Serv-End",3218,3218,3218,"SEP-006","Serv-End","7350/22",10/10/20,25/09/23,"ALMOXARIFADO"
"PIG'S","BOING (Verificar a validade)","N/C","N/C","N/C","N/C","N/C","TECNOPIG","TNP 24532",06/01/25,06/01/26,"OBRA 118"
"Pull-Off",,"Pavimétrica",76,76,15546,"Manual Digital","MSMI","P2894/25",23/06/25,13/06/27,"OBRA 118"
"Régua de Aço",,"Stanley","ES-001","ES-001","N/C","N/C","BaliTek","N1582/2019",10/05/19,24/04/22,"ALMOXARIFADO"
"Régua Graduada",,"Brasfort","ES-006","ES-006","N/C","N/C","METRUS","D0688023-0619",07/06/19,22/05/22,"ALMOXARIFADO"
"Régua Graduada",,"N/C","ES-011","ES-011","N/C","N/C","METRUS","D0688022-0619",07/06/19,22/05/22,"ALMOXARIFADO"
"Régua Graduada",,"N/C","ES-040","ES-040","N/C","N/C","TECNICA CALIB.",2001364,11/03/20,24/02/23,"ALMOXARIFADO"
"Régua Graduada",,"Brasfort","RG-001","RG-001","N/C","N/C","TECNICA CALIB.",2001363,11/03/20,24/02/23,"ALMOXARIFADO"
"Régua Graduada",,"Vonder","RG-010","RG-010","N/C","N/C","METRUS",2316107,24/06/23,08/06/26,"OBRA 118"
"Régua Graduada",,"Vonder","RG-011","RG-011","N/C","N/C","METRUS","D0688004-0621",11/06/21,26/05/24,"ALMOXARIFADO"
"Régua Graduada",,"Vonder","RG-012","RG-012","N/C","N/C","METRUS","D0688005-0621",11/06/21,26/05/24,"ALMOXARIFADO"
"Regulador de Pressão - Lança Chamas",,"Record","RP-01","RP-01","N/C","N/C","METRUS","P0688001-0322",28/03/22,17/03/24,"ALMOXARIFADO"
"Regulador de Pressão - Lança Chamas",,"Record","RP-02","RP-02","N/C","N/C","METRUS","P0688002-0322",28/03/22,17/03/24,"ALMOXARIFADO"
"Relógio Comparador",,"Mainard",187,187,80026,"N/C","LAFTEC",2415698,17/06/24,07/06/26,"OBRA 118"
"Relógio Comparador",,"Mainard",188,188,80359,"N/C","LAFTEC",2300725,23/01/23,12/01/25,"OBRA 118"
"Relógio Comparador",,"Mainard","AF 101028","AF 101028",80124,"N/C","METROLOGIA 9001","MTR2410-20",14/07/20,04/07/22,"ALMOXARIFADO"
"Rugosímetro",,"MedTec",1965,1965,9126069,"MED-321A","LAFTEC",2415664,17/06/24,07/06/26,"OBRA 118"
"Rugosímetro",,"MedTec",2019,2019,4101936,"MED-321A","LAFTEC",2415667,17/06/24,07/06/26,"OBRA 118"
"Rugosímetro",,"MedTec",2049,2049,4522266,"MED-321A","LAFTEC",2415665,17/06/24,07/06/26,"OBRA 118"
"Rugosímetro com Relógio",,"TECNO",68,68,6503706,"N/C","LAFTEC",2415666,17/06/24,07/06/26,"OBRA 118"
"Rugosímetro com Relógio",,"MedTec",1951,1951,8500782,"N/C","METRUS","D0688002-0620",06/07/20,26/06/22,"ALMOXARIFADO"
"Rugosímetro com Relógio",,"Novotest","AF 101040","AF 101040",8929754,"N/C","METROLOGIA 9000","MTR2423-20",14/07/20,04/07/22,"ALMOXARIFADO"
"Termo Resistência","AF SERV. IND.","N/C","TE/TT-01AF","TE/TT-01AF","N/C","N/C","AF SERV.IND.","0507/24",04/09/24,04/09/25,"OBRA 118"
"Termohigrometro Digital",,"Minipa",31,31,2298953,"MT-241A","METRUS","E0688007-0821",10/08/21,31/07/23,"ALMOXARIFADO"
"Termohigrometro Digital",,"Minipa",32,32,2298952,"MT-241A","LAFTEC",2433434,18/11/24,08/11/26,"ALMOXARIFADO"
"Termohigrometro Digital",,"Minipa",33,33,2057279,"MT-241A","METRUS","E0688009-0821",10/08/21,31/07/23,"ALMOXARIFADO"
"Termohigrometro Digital",,"Minipa",34,34,2298957,"MT-241A","LAFTEC",2415661,14/06/24,04/06/26,"OBRA 118"
"Termohigrometro Digital",,"Minipa",35,35,2298948,"MT-241A","METRUS","E0688011-0821",10/08/21,31/07/23,"ALMOXARIFADO"
"Termohigrometro Digital",,"Minipa",36,36,2298954,"MT-241A","LAFTEC",2415660,18/11/24,08/11/26,"OBRA 118"
"Termohigrometro Digital",,"Minipa",37,37,2298956,"MT-241A","METRUS","E0688013-0821",10/08/21,31/07/23,"ALMOXARIFADO"
"Termohigrometro Digital",,"Minipa",38,38,2298947,"MT-241A","METRUS","E0688014-0822",10/08/21,31/07/23,"ALMOXARIFADO"
"Termohigrometro Digital",,"NOVOTEST",131,131,"H12A-C52388","PM6508","LAFTEC",2300717,24/01/23,13/01/25,"ALMOXARIFADO"
"Termohigrometro Digital",,"NOVOTEST",132,132,"H12A-C52392","PM6508","LAFTEC",2300716,24/01/23,13/01/25,"ALMOXARIFADO"
"Termohigrometro Digital",,"NOVOTEST",133,133,"H12A-C52310","PM6508","TECNOLAB","10417/20",10/07/20,30/06/22,"ALMOXARIFADO"
"Termohigrometro Digital",,"Minipa",746,746,"N/C","MT-242","METRUS","E0688001-1220",14/12/20,04/12/22,"ALMOXARIFADO"
"Termohigrometro Digital",,"Minipa",1771,1771,"T000400003268","MT-242","METRUS","E0688001-0718",20/07/18,09/07/20,"ALMOXARIFADO"
"Termohigrometro Digital",,"Minipa",1772,1772,"N/C","MT-242","METRUS","E0688002-1019",29/10/19,18/10/21,"ALMOXARIFADO"
"Termohigrometro Digital",,"Minipa",1814,1814,"MTB241003986","MT-241","LAFTEC",2305358,07/03/23,24/02/25,"ALMOXARIFADO"
"Termohigrometro Digital",,"Minipa",1815,1815,"N/C","MT-241","LAFTEC",2300718,24/01/23,13/01/25,"ALMOXARIFADO"
"Termohigrometro Digital",,"Minipa",1816,1816,"N/C","MT-241","TECNICA CALIB.",2004659,14/08/20,04/08/22,"ALMOXARIFADO"
"Termohigrometro Digital",,"Minipa",2108,2108,3187359,"MT-241","LAFTEC",2307188,23/03/23,12/03/25,"ALMOXARIFADO"
"Termohigrometro Digital",,"Minipa",2109,2109,3187361,"MT-241","LAFTEC",2517766,04/06/25,25/05/27,"OBRA 121"
"Termohigrometro Digital",,"Minipa",2110,2110,3187362,"MT-241","LAFTEC",2307190,22/03/23,11/03/25,"ALMOXARIFADO"
"Termohigrometro Digital",,"Minipa",2111,2111,3187358,"MT-241","LAFTEC",2307191,25/03/23,14/03/25,"OBRA 118"
"Termohigrometro Digital",,"Minipa",2112,2112,3187364,"MT-241","LAFTEC",2307192,26/03/23,15/03/25,"ALMOXARIFADO"
"Termometro Bimetálico",,"Instemac","TB-001","TB-001","N/C","N/C","METRUS","E0688001-0619",04/06/19,03/06/20,"ALMOXARIFADO"
"Termometro Bimetálico",,"N/C","TR-003","TR-003","N/C","N/C","LAFTEC",2517765,04/06/25,04/06/26,"OBRA 121"
"Termometro Bimetálico",,"N/C","TB-004","TB-004","N/C","N/C","METRUS","E0688008-0421",12/04/21,12/04/22,"ALMOXARIFADO"
"Termometro Bimetálico",,"Instemaq","TEB-001","TEB-001","N/C","N/C","METRUS","E-0688001-0321",25/03/21,25/03/22,"ALMOXARIFADO"
"Termometro Digital",,"GULTON",131423,131423,131423,"GULTERM-1005","CENTRAL BRASIL","7472.20",14/12/20,07/06/22,"ALMOXARIFADO"
"Termometro Digital",,"n/c","TM-36","TM-36","N/C","N/C","AFERITEC ","36290-109",11/07/19,01/01/21,"ALMOXARIFADO"
"Termômetro Infravermelho digital","Locado","N/C","TI-6083","TI-6083","N/C","-50 a 400","MOURA ","25326-15",03/03/25,25/08/26,"OBRA 118"
"Termometro Infravermelho",,"Minipa",21,21,2365127,"MT-320B","METRUS","E0688001-0921",22/09/21,12/09/23,"ALMOXARIFADO"
"Termometro Infravermelho","verificar com almoxarifado","Minipa",22,22,2365115,"MT-320B","METRUS","E0688016-0821",25/08/21,15/08/23,"ALMOXARIFADO"
"Termometro Infravermelho","verificar com almoxarifado","Minipa",23,23,2365116,"MT-320B","METRUS","E0688017-0821",25/08/21,15/08/23,"ALMOXARIFADO"
"Termometro Infravermelho",,"Minipa",26,26,2366543,"MT-320B","METRUS","E0688001-0821",10/08/21,31/07/23,"ALMOXARIFADO"
"Termometro Infravermelho",,"Minipa",27,27,2366512,"MT-320B","METRUS","E0688002-0821",10/08/21,31/07/23,"ALMOXARIFADO"
"Termometro Infravermelho",,"Minipa",28,28,2366542,"MT-320B","METRUS","E0688003-0821",10/08/21,31/07/23,"ALMOXARIFADO"
"Termometro Infravermelho",,"Minipa",29,29,2366519,"MT-320B","METRUS","E0688004-0821",10/08/21,31/07/23,"ALMOXARIFADO"
"Termometro Infravermelho",,"Minipa",30,30,,"MT-320B","LAFTEC",2305353,07/03/23,24/02/25,"ALMOXARIFADO"
"Termometro Infravermelho",,"Minipa",142,142,1867412,"MT-320B","TECNICA CALIB.",2004565,13/08/20,03/08/22,"ALMOXARIFADO"
"Termometro Infravermelho",,"Minipa",143,143,1867407,"MT-320B","LAFTEC",2305352,07/03/23,24/02/25,"ALMOXARIFADO"
"Termometro Infravermelho",,"Minipa",144,144,1867437,"MT-320B","LAFTEC",2300719,25/01/23,14/01/25,"ALMOXARIFADO"
"Termometro Infravermelho",,"Fluke",170,170,"N/C","59 Max","LAFTEC",2217128,04/08/22,24/07/24,"ALMOXARIFADO"
"Termometro Infravermelho",,"Gulterm",171,171,131423,"1005 - tipo K","LAFTEC",2217133,04/08/22,24/07/24,"ALMOXARIFADO"
"Termometro Infravermelho",,"B-Max",192,192,"N/C","N/C","METRUS","E0688001-0421",05/04/21,26/03/23,"ALMOXARIFADO"
"Termometro Infravermelho",,"B-Max",193,193,"N/C","N/C","METRUS","E0688006-0821",10/08/21,31/07/23,"ALMOXARIFADO"
"Termometro Infravermelho",,"B-Max",194,194,"N/C","N/C","LAFTEC",2415671,21/06/24,11/06/26,"OBRA 118"
"Termometro Infravermelho",,"Stanley",198,198,"N/C","STHT77365","METRUS","E0688003-0421",05/04/21,26/03/23,"ALMOXARIFADO"
"Termometro Infravermelho",,"Fluke",592,592,"9568-0669","68-IS","LAFTEC",2415672,21/06/24,11/06/26,"OBRA 118"
"Termometro Infravermelho",,"Fluke",1920,1920,"N/C","N/C","METRUS","E0688003-1019",29/10/19,18/10/21,"ALMOXARIFADO"
"Termometro Infravermelho",,"Minipa",2103,2103,3283495,"MT-320B","Laboratório Medição Natal","C109752/25",16/04/25,06/04/27,"OBRA 118"
"Termometro Infravermelho",,"Minipa",2104,2104,3283649,"MT-320B","Laboratório Medição Natal","C109780/25",16/04/25,06/04/27,"OBRA 118"
"Termometro Infravermelho",,"Minipa",2105,2105,3283502,"MT-320B","Laftec Calibração ",2433435,18/10/24,08/10/26,"OBRA 118"
"Termometro Infravermelho",,"Minipa",2106,2106,3283654,"MT-320B","Laftec Calibração ",2516660,02/06/25,23/05/27,"OBRA 121"
"Termometro Infravermelho",,"Minipa",2107,2107,3283652,"MT-320B","Laftec Calibração ",2307187,22/03/23,11/03/25,"ALMOXARIFADO"
"Termometro Infravermelho",,"N/C","AF100735","AF100735","N/C","N/C","METROLOGIA 9000","MTR2419-20",13/07/20,03/07/22,"ALMOXARIFADO"
"Termometro Infravermelho",,"B-Max","AF100987","AF100987","N/C","GM-300","METROLOGIA 9000","MTR2422-20",13/07/20,03/07/22,"ALMOXARIFADO"
"Termometro Infravermelho",,"B-Max","AF100989","AF100989","N/C","GM-300","METROLOGIA 9000","MTR2420-20",13/07/20,03/07/22,"ALMOXARIFADO"
"Termometro Infravermelho",,"Minipa","TER/IF-001","TER/IF-001","N/C","MT-350","METRUS","E0688003-0619",04/06/19,24/05/21,"ALMOXARIFADO"
"Termometro Infravermelho",,,"TI-001","TI-001","49400372WS","59MAX","Laboratório Medição Natal","C109805/25",16/04/25,06/04/27,"OBRA 118"
"Termometro Laser","Inspetor","Minipa","AMI-0029","MT-350",,,"Medição Contagem ","205306/20",23/10/20,13/10/22,"ALMOXARIFADO"
"Terrômetro Digital",,"Minipa",1339,1339,"MT-1520008134","MTR-1520D","TÉCNICA CALIB.",2425228,24/08/24,24/08/25,"OBRA 118"
"Terrômetro Digital",,"Instrum","n/c","n/c","IN 816060-24418",3,"TECNICA CALIB.",1906616,04/11/19,03/11/20,"ALMOXARIFADO"
"Termoresistencia","BOING (Verificar a validade)","Salvi","N/C","N/C","N/C","PT-100 3 Fios","ABSI SERVICE","CAL - 249505/25",07/04/25,07/04/26,"OBRA 118"
"Termoresistencia","BOING (Verificar a validade)","Salvi","N/C","N/C","N/C","PT-100 3 Fios","ABSI SERVICE","CAL - 249506/25",07/04/25,07/04/26,"OBRA 118"
"Torqueaderia Elétrica ",,"Raid Torque Systems",2180,2180,"V15298","V-RAD SELECT 2000M","Raid Torque Systems","24-05195",30/07/24,30/07/25,"OBRA 118"
"Torquimetro ",,"Tramontina",1778,1778,"94962-11-00514","45506/400","METRUS",2302084,10/02/23,30/01/25,"ALMOXARIFADO"
"Torquimetro ",,"Gedore",7188,7188,"P003738","Dremo Meter","TÉCNICA CALIB.",1901658,18/03/19,07/03/21,"ALMOXARIFADO"
"Torquimetro de Estalo",,"Gedore",815,815,"C012688","TorcoFlex-K","LAFTEC",2217131,04/08/22,24/07/24,"ALMOXARIFADO"
"Torquimetro de Estalo","Torquimetro de Estalo","Torquimetro de Estalo",1539,1539,3426,100400,"METRUS","T0688002-0920",09/09/20,30/08/22,"ALMOXARIFADO"
"Torquimetro de Estalo",,"Tramontina",1805,1805,"G011062","N/C","LAFTEC",2316108,18/07/23,07/07/25,"OBRA 118"
"Torquimetro de Estalo","200-1000 N.m. (5 N.m)","Tramontina",2183,2183,"44509/403","N/C","CIPED",81729,20/12/23,09/12/25,"OBRA 118"
"Torquimetro de Estalo","700-2000 N.m. (13 N.m.)","Tramontina",2184,2184,"44506/502","N/C","CIPED",81328,19/01/24,08/01/26,"OBRA 118"
"Transutor de Pressão","0 a 250 kgf/cm2","Novus","PT-001","PT-001","PT-001","PT-001","TÉCNICA CALIB.",2500162,17/01/25,07/01/27,"OBRA 118"
"Transutor de Pressão","BOING (Verificar a validade)","Yokogawa",464331,"N/C","B12100662","EJA530E","WIKA","LMP464381/25",14/01/25,04/01/27,"OBRA 118"
"Transutor de Pressão","BOING (Verificar a validade)","Salcas","N/C","N/C",34,"TP-ST 18","ABSI SERVICE","CAL 249507/25",07/04/25,28/03/27,"OBRA 118"
"Transutor de Pressão","BOING (Verificar a validade)","Salcas","N/C","N/C",1662100908,"TP-ST 18","ABSI SERVICE","CAL 249508/25",07/04/25,28/03/27,"OBRA 118"
"Transferidor de Grau",,"Protactor","GO-001","GO-001",5001,"NO-5001","METRUS","D0688002-0122",12/01/22,02/01/24,"ALMOXARIFADO"
"Transferidor de Grau",,"Hol","GO-002","GO-002","N/C","N/C","METRUS","D0688031-0619",10/06/19,30/05/21,"ALMOXARIFADO"
"Transferidor de Grau",,"Lotus Plus","TG-001","TG-001","N/C","N/C","LAFTEC",2415695,14/06/24,04/06/26,"OBRA 118"
"Transmissor de Pressão","AF. SERV. IND.","Danfloss","PT-001AF","PT-001AF",51903454262,"MBS1750","AF SERV.IND.","0505/24",04/09/24,04/09/25,"OBRA 118"
"Transmissor de Pressão","0 a 1000 bar","PressGage","TECP-001",,,"4602-24","AFERITEC METROLOG.","59289-204",30/07/24,20/07/26,"OBRA 118"
"Transmissor de Pressão","0 a 100°C","Globo Resistências","TI-001",,,"N/C","TÉCNICA CALIB.",2500160,16/01/25,06/01/27,"OBRA 118"
"Transmissor de Pressão","0 a 100°C","Globo Resistências","TI-002",,,"N/C","TÉCNICA CALIB.",2500161,16/01/25,06/01/27,"OBRA 118"
"Trena","5000 mm","Starrett","105-1","105-1","N/C","TS34-5ME","METRUS","D0688001-0920",10/09/20,31/08/22,"ALMOXARIFADO"
"Trena","5000 mm","Starrett","105-10","105-10","N/C","TS34-5ME","METRUS","D0688010-0720",15/07/20,05/07/22,"ALMOXARIFADO"
"Trena","5000 mm","Starrett","105-11","105-11","N/C","TS34-5ME","METRUS","D0688011-0720",15/07/20,05/07/22,"ALMOXARIFADO"
"Trena","5000 mm","Starrett","105-12","105-12","N/C","TS34-5ME","METRUS","D0688012-0720",15/07/20,05/07/22,"ALMOXARIFADO"
"Trena","5000 mm","Starrett","105-13","105-13","N/C","TS34-5ME","METRUS","D0688013-0720",15/07/20,05/07/22,"ALMOXARIFADO"
"Trena","5000 mm","Starrett","105-14","105-14","N/C","TS34-5ME","METRUS","D0688014-0720",15/07/20,05/07/22,"ALMOXARIFADO"
"Trena","5000 mm","Starrett","105-15","105-15","N/C","TS34-5ME","METRUS","D0688015-0720",15/07/20,05/07/22,"ALMOXARIFADO"
"Trena","5000 mm","Starrett","105-16","105-16","N/C","TS34-5ME","METRUS","D0688016-0720",15/07/20,05/07/22,"ALMOXARIFADO"
"Trena","20000 mm","mm","105-2","105-2","N/C","ST20CML","METRUS","D0688002-0920",10/09/20,31/08/22,"ALMOXARIFADO"
"Trena","5000 mm","Lufkin","105-3","105-3","N/C","Y1750CM","METRUS","D0688003-0920",10/09/20,31/08/22,"ALMOXARIFADO"
"Trena","20000 mm","Lufkin","105-4","105-4","N/C","Y1720CM","METRUS","D0688004-0720",15/07/20,05/07/22,"ALMOXARIFADO"
"Trena","20000 mm","Lufkin","105-5","105-5","N/C","Y1720CM","METRUS","D0688005-0720",15/07/21,05/07/23,"ALMOXARIFADO"
"Trena","20000 mm","Lufkin","105-6","105-6","N/C","Y1720CM","METRUS","D0688006-0720",15/07/20,05/07/22,"ALMOXARIFADO"
"Trena","20000 mm","Lufkin","105-7","105-7","N/C","Y1720CM","METRUS","D0688007-0720",15/07/20,05/07/22,"ALMOXARIFADO"
"Trena","20000 mm","Lufkin","105-8","105-8","N/C","Y1720CM","METRUS","D0688008-0720",15/07/20,05/07/22,"ALMOXARIFADO"
"Trena","5000 mm","Starrett","105-9","105-9","N/C","TS34-5ME","METRUS","D0688009-0720",15/07/20,05/07/22,"ALMOXARIFADO"
"Trena","30000 mm","Lufkin","TR-411","TR-411","N/C","ST30CML","METRUS","D0688009-0621",11/06/21,01/06/23,"ALMOXARIFADO"
"Trena","30000 mm","Lufkin","TR-414","TR-414","N/C","ST30CML","LAFTEC",2212875,08/06/22,28/05/24,"ALMOXARIFADO"
"Trena","5000 mm","Lufkin","TR-414/1","TR-414/1","N/C","L516CMES","LAFTEC",2215140,07/07/22,26/06/24,"ALMOXARIFADO"
"Trena","30000 mm","Lufkin","TR-415","TR-415","N/C","ST30CML","LAFTEC",2212876,08/06/22,28/05/24,"ALMOXARIFADO"
"Trena","5000 mm","Lufkin","TR-418","TR-418","N/C","L516CMES","LAFTEC",2215144,07/07/22,26/06/24,"ALMOXARIFADO"
"Trena","20000 mm","Lufkin","TR-420","TR-420","N/C","Y1720CM","LAFTEC",2215146,07/07/22,26/06/24,"ALMOXARIFADO"
"Trena","20000 mm","Lufkin","TR-421","TR-421","N/C","Y1720CM","LAFTEC",2215147,07/07/22,26/06/24,"ALMOXARIFADO"
"Trena","20000 mm","Lufkin","TR-422","TR-422","N/C","Y1720CM","LAFTEC",2215148,07/07/22,26/06/24,"ALMOXARIFADO"
"Trena","20000 mm","Lufkin","TR-423","TR-423","N/C","Y1720CM","LAFTEC",2215149,07/07/22,26/06/24,"ALMOXARIFADO"
"Trena","20000 mm","Lufkin","TR-424","TR-424","N/C","Y1720CM","LAFTEC",2215150,07/07/22,26/06/24,"ALMOXARIFADO"
"Trena","20000 mm","Lufkin","TR-425","TR-425","N/C","Y1720CM","LAFTEC",2215151,07/07/22,26/06/24,"ALMOXARIFADO"
"Trena","8000 mm","Lufkin","TRE-003","TRE-003","N/C","L525CMES","LAFTEC",2217125,04/08/22,24/07/24,"ALMOXARIFADO"
"Trena","5000 mm","Starrett","TRE-005","TRE-005","N/C","TS34-5ME","TECNICA CALIB.",2004432,29/07/20,19/07/22,"ALMOXARIFADO"
"Trena","5000 mm","Starrett","TRE-006","TRE-006","N/C","TS34-5ME","TECNICA CALIB.",2004433,29/07/20,19/07/22,"ALMOXARIFADO"
"Trena","5000 mm","Starrett","TRE-007","TRE-007","N/C","TS34-5ME","TECNICA CALIB.",2004434,29/07/20,19/07/22,"ALMOXARIFADO"
"Trena","5000 mm","Starrett","TRE-008","TRE-008","N/C","TS34-5ME","TECNICA CALIB.",2004435,29/07/20,19/07/22,"ALMOXARIFADO"
"Trena","20000 mm","Lufkin","TRE-009","TRE-009","N/C","Y1720CM","TECNICA CALIB.",2004436,29/07/20,19/07/22,"ALMOXARIFADO"
"Trena","20000 mm","Lufkin","TRE-010","TRE-010","N/C","Y1720CM","TECNICA CALIB.",2004437,29/07/20,19/07/22,"ALMOXARIFADO"
"Trena","20000 mm","Lufkin","TRE-011","TRE-011","N/C","Y1720CM","TECNICA CALIB.",2004438,29/07/20,19/07/22,"ALMOXARIFADO"
"Trena","20000 mm","Lufkin","TRE-012","TRE-012","N/C","Y1720CM","LAFTEC",2300720,23/01/23,12/01/25,"OBRA 119"
"Trena","5000 mm","Starrett","TRE-013","TRE-013","N/C","TS34-5ME","METRUS","D0688001-0521",19/05/21,09/05/23,"ALMOXARIFADO"
"Trena","5000 mm","Starrett","TRE-014","TRE-014","N/C","TS34-5ME","METRUS","D0688002-0521",19/05/21,09/05/23,"ALMOXARIFADO"
"Trena","5000 mm","Starrett","TRE-015","TRE-015","N/C","TS34-5ME","METRUS","D0688003-0521",19/05/21,09/05/23,"ALMOXARIFADO"
"Trena","5000 mm","Starrett","TRE-016","TRE-016","N/C","TS34-5ME","METRUS","D0688004-0521",19/05/21,09/05/23,"ALMOXARIFADO"
"Trena","8000 mm","Lufkin","TRE-098-003","TRE-098-003","N/C","L525CMES","LAFTEC",2212874,08/06/22,28/05/24,"ALMOXARIFADO"
"Trena ","8000 mm","Irwin","TR-005","TR-005","N/C",13948,"LAF METROLOGIA",1800630,06/02/18,27/01/20,"ALMOXARIFADO"
"Trena ","5000 mm","Lufkin","TR-095","TR-095","N/C","L516CME","LAF METROLOGIA",1800625,07/02/18,28/01/20,"ALMOXARIFADO"
"Trena ","5000 mm","Lufkin","TR-096","TR-096","N/C","L516CME","LAF METROLOGIA",1800626,06/02/18,27/01/20,"ALMOXARIFADO"
"Trena ","5000 mm","Lufkin","TR-097","TR-097","N/C","L516CME","LAF METROLOGIA",1800627,06/02/18,27/01/20,"ALMOXARIFADO"
"Trena ","5000 mm","Lufkin","TR-099","TR-099","N/C","L516CME","METRUS","D0688005-1118",13/11/18,02/11/20,"ALMOXARIFADO"
"Trena ","5000 mm","Lufkin","TR-394","TR-394","N/C","L516CME","METRUS","D0688004-1118",13/11/18,02/11/20,"ALMOXARIFADO"
"Trena ","5000 mm","Starrett","TR-395","TR-395","N/C","TX34-5M","METRUS","D0688001-1118",13/11/18,02/11/20,"ALMOXARIFADO"
"Trena ","5000 mm","Irwin","TR-396","TR-396","N/C",13947,"METRUS","D0688002-1118",13/11/18,02/11/20,"ALMOXARIFADO"
"Trena ","5000 mm","Lufkin","TR-397","TR-397","N/C","L516CME","METRUS","D0688003-1118",13/11/18,02/11/20,"ALMOXARIFADO"
"Trena ","5000 mm","Lufkin","TR-398","TR-398","N/C","L516CME","METRUS","D0688006-1118",13/11/18,02/11/20,"ALMOXARIFADO"
"Trena ","5000 mm","Lufkin","TR-399","TR-399","N/C","L516CMES","METRUS","D0688001-0619",07/06/19,27/05/21,"ALMOXARIFADO"
"Trena ","5000 mm","Lufkin","TR-402","TR-402","N/C","L516CME","METRUS","D0688004-0619",07/06/19,27/05/21,"ALMOXARIFADO"
"Trena ","5000 mm","Lufkin","TR-403","TR-403","N/C","N/C","METRUS","D0688005-0619",07/06/19,27/05/21,"ALMOXARIFADO"
"Trena ","5000 mm","Lufkin","TR-404","TR-404","N/C","L516CME","METRUS","D0688006-0619",07/06/19,27/05/21,"ALMOXARIFADO"
"Trena ","5000 mm","Lufkin","TR-405","TR-405","N/C","N/C","METRUS","D0688007-0619",07/06/19,27/05/21,"ALMOXARIFADO"
"Trena ","5000 mm","Lufkin","TR-406","TR-406","N/C","N/C","METRUS","D0688008-0619",07/06/19,27/05/21,"ALMOXARIFADO"
"Trena ","5000 mm","Lufkin","TR-407","TR-407","N/C","L516CMES","METRUS","D0688009-0619",07/06/19,27/05/21,"ALMOXARIFADO"
"Trena ","5000 mm","Lufkin","TR-408","TR-408","N/C","N/C","METRUS","D0688010-0620",07/06/19,27/05/21,"ALMOXARIFADO"
"Trena ","5000 mm","MTX","TR-410","TR-410","N/C",3100555,"METRUS","D0688005-0719",15/08/19,04/08/21,"ALMOXARIFADO"
"Trena ","8000 mm","Starrett","TR-412","TR-412","N/C","TS1-8ME","LAFTEC",2224241,24/10/22,13/10/24,"ALMOXARIFADO"
"Trena ","8000 mm","Starrett","TR-413","TR-413","N/C","TS1-8ME","METRUS","D0688011-0621",21/06/21,11/06/23,"ALMOXARIFADO"
"Trena ","5000 mm","Lufkin","TR-415/1","TR-415/1","N/C","L516CMES","LAFTEC",2215141,07/07/22,26/06/24,"ALMOXARIFADO"
"Trena ","5000 mm","Lufkin","TR-416","TR-416","N/C","L516CMES","LAFTEC",2215142,07/07/22,26/06/24,"ALMOXARIFADO"
"Trena ","5000 mm","Lufkin","TR-417","TR-417","N/C","L516CMES","LAFTEC",2215143,07/07/22,26/06/24,"ALMOXARIFADO"
"Trena ","5000 mm","Lufkin","TR-419","TR-419","N/C","L516CMES","LAFTEC",2215145,07/07/22,26/06/24,"ALMOXARIFADO"
"Trena ","5000 mm","Lufkin","TR-526","TR-526","N/C","N/C","LAFTEC",2217126,04/08/22,24/07/24,"ALMOXARIFADO"
"Trena ","5000 mm","Lufkin","TR-527","TR-527","N/C","N/C","LAFTEC",2218829,01/09/22,21/08/24,"ALMOXARIFADO"
"Trena ","5000 mm","Lufkin","TR-528","TR-528","N/C","N/C","LAFTEC",2218830,01/09/22,21/08/24,"ALMOXARIFADO"
"Trena ","5000 mm","Lufkin","TR-529","TR-529","N/C","N/C","METRUS","D0688014-0821",09/08/21,30/07/23,"ALMOXARIFADO"
"Trena ","5000 mm","Lufkin","TR-530","TR-530","N/C","N/C","METRUS","D0688015-0821",09/08/21,30/07/23,"ALMOXARIFADO"
"Trena ","5000 mm","Lufkin","TR-531","TR-531","N/C","N/C","METRUS","D0688016-0821",09/08/21,30/07/23,"ALMOXARIFADO"
"Trena ","5000 mm","Lufkin","TR-532","TR-532","N/C","N/C","METRUS","D0688017-0821",09/08/21,30/07/23,"ALMOXARIFADO"
"Trena ","5000 mm","Lufkin","TR-533","TR-533","N/C","N/C","METRUS","D0688018-0821",09/08/21,30/07/23,"ALMOXARIFADO"
"Trena ","5000 mm","Lufkin","TR-534","TR-534","N/C","N/C","METRUS","D0688019-0821",09/08/21,30/07/23,"ALMOXARIFADO"
"Trena ","5000 mm","Lufkin","TR-535","TR-535","N/C","N/C","METRUS","D0688020-0821",09/08/21,30/07/23,"ALMOXARIFADO"
"Trena ","8000 mm","Lufkin","TR-536","TR-536","N/C","L516CMES","LAFTEC",2218831,01/09/22,21/08/24,"ALMOXARIFADO"
"Trena ","8000 mm","Lufkin","TR-536/1","TR-536/1","N/C","L525CMES","LAFTEC",2221079,09/09/22,29/08/24,"ALMOXARIFADO"
"Trena ","8000 mm","Lufkin","TR-537","TR-537","N/C","L525CMES","LAFTEC",2218832,01/09/22,21/08/24,"ALMOXARIFADO"
"Trena ","5000 mm","Lufkin","TR-538","TR-538","N/C","L525CMES","LAFTEC",2305355,07/03/23,24/02/25,"ALMOXARIFADO"
"Trena ","5000 mm","Lufkin","TR-539","TR-539","N/C","L525CMES","LAFTEC",2305356,07/03/23,24/02/25,"ALMOXARIFADO"
"Trena ","5000 mm","Lufkin","TR-540","TR-540","N/C","L516CMES","LAFTEC",2307193,22/03/23,11/03/25,"ALMOXARIFADO"
"Trena ","5000 mm","Lufkin","TR-541","TR-541","N/C","L516CMES","LAFTEC",2307194,22/03/23,11/03/25,"ALMOXARIFADO"
"Trena ","5000 mm","Lufkin","TR-542","TR-542","N/C","L516CMES","LAFTEC",2307195,22/03/23,11/03/25,"ALMOXARIFADO"
"Trena ","5000 mm","Lufkin","TR-543","TR-543","N/C","L516CMES","LAFTEC",2307196,22/03/23,11/03/25,"ALMOXARIFADO"
"Trena ","5000 mm","Lufkin","TR-544","TR-544","N/C","L516CMES","LAFTEC",2307197,22/03/23,11/03/25,"ALMOXARIFADO"
"Trena ","5000 mm","Lufkin","TR-545","TR-545","N/C","L516CMES","LAFTEC",2311419,02/05/23,21/04/25,"OBRA 118"
"Trena ","5000 mm","Lufkin","TR-546","TR-546","N/C","L516CMES","LAFTEC",2311420,02/05/23,21/04/25,"ALMOXARIFADO"
"Trena ","5000 mm","Lufkin","TR-547","TR-547","N/C","L516CMES","LAFTEC",2311421,02/05/23,21/04/25,"OBRA 118"
"Trena ","5000 mm","Lufkin","TR-548","TR-548","N/C","L516CMES","LAFTEC",2311422,02/05/23,21/04/25,"OBRA 118"
"Trena ","5000 mm","Lufkin","TR-549","TR-549","N/C","L516CMES","LAFTEC",2311423,02/05/23,21/04/25,"ALMOXARIFADO"
"Trena ","5000 mm","Lufkin","TR-550","TR-550","N/C","L516CMES","LAFTEC",2311424,02/05/23,21/04/25,"OBRA 118"
"Trena ","5000 mm","Lufkin","TR-551","TR-551","N/C","L516CME","LAFTEC",2421265,19/07/24,09/07/26,"ALMOXARIFADO"
"Trena ","5000 mm","Lufkin","TR-552","TR-552","N/C","L516CME","LAFTEC",2421266,19/07/24,09/07/26,"OBRA 118"
"Trena ","50000 mm","Lufkin","TR-553","TR-553","N/C","L516CME","LAFTEC",2421267,19/07/24,09/07/26,"OBRA 118"
"Trena ","50000 mm","Lufkin","TR-553-1","TR-553/1","N/C","Y1750CM","LAFTEC",2423159,25/07/24,15/07/26,"ALMOXARIFADO"
"Trena ","50000 mm","Lufkin","TR-554","TR-554","N/C","L516CME","LAFTEC",2421268,19/07/24,09/07/26,"ALMOXARIFADO"
"Trena ","50000 mm","Lufkin","TR-554-1","TR-554/1","N/C","Y1750CM","LAFTEC",2423160,25/07/24,15/07/26,"OBRA 120"
"Trena ","50000 mm","Lufkin","TR-555","TR-555","N/C","L516CME","LAFTEC",2421269,19/07/24,09/07/26,"OBRA 118"
"Trena ","50000 mm","Lufkin","TR-555-1","TR-555/1","N/C","Y1750CM","LAFTEC",2423161,25/07/24,15/07/26,"OBRA 118"
"Trena ","50000 mm","Lufkin","TR-556","TR-556","N/C","L516CME","LAFTEC",2421270,19/07/24,09/07/26,"ALMOXARIFADO"
"Trena ","50000 mm","Lufkin","TR-557","TR-557","N/C","L516CME","LAFTEC",2421279,19/07/24,09/07/26,"ALMOXARIFADO"
"Trena ","50000 mm","Lufkin","TR-558","TR-558","N/C","L516CME","LAFTEC",2421271,19/07/24,09/07/26,"ALMOXARIFADO"
"Trena ","50000 mm","Lufkin","TR-559","TR-559","N/C","L516CME","LAFTEC",2421272,19/07/24,09/07/26,"ALMOXARIFADO"
"Trena ","50000 mm","Lufkin","TR-560","TR-560","N/C","L516CME","LAFTEC",2421273,19/07/24,09/07/26,"OBRA 118"
"Trena ","50000 mm","Lufkin","TR-561","TR-561","N/C","L516CME","LAFTEC",2421274,19/07/24,09/07/26,"ALMOXARIFADO"
"Trena ","50000 mm","Lufkin","TR-562","TR-562","N/C","L516CME","LAFTEC",2421275,19/07/24,09/07/26,"ALMOXARIFADO"
"Trena ","50000 mm","Lufkin","TR-563","TR-563","N/C","L516CME","LAFTEC",2421276,19/07/24,09/07/26,"OBRA 119"
"Trena ","50000 mm","Lufkin","TR-564","TR-564","N/C","L516CME","LAFTEC",2421277,19/07/24,09/07/26,"OBRA 119"
"Trena ","50000 mm","Lufkin","TR-565","TR-565","N/C","L516CME","LAFTEC",2421278,19/07/24,09/07/26,"ALMOXARIFADO"
"Trena ","80000 mm","Lufkin","TR-566","TR-566","N/C","L525CME","LAFTEC",2421280,19/07/24,09/07/26,"ALMOXARIFADO"
"Trena ","80000 mm","Lufkin","TR-567","TR-567","N/C","L525CME","LAFTEC",2421281,19/07/24,09/07/26,"ALMOXARIFADO"
"Trena ","80000 mm","Lufkin","TR-568","TR-568","N/C","L525CME","LAFTEC",2421282,19/07/24,09/07/26,"ALMOXARIFADO"
"Trena ","80000 mm","Lufkin","TR-569","TR-569","N/C","L525CME","LAFTEC",2421283,19/07/24,09/07/26,"ALMOXARIFADO"
"Trena ","80000 mm","Lufkin","TR-570","TR-570","N/C","L525CME","LAFTEC",2421284,19/07/24,09/07/26,"ALMOXARIFADO"
"Trena ","80000 mm","Lufkin","TR-571","TR-571","N/C","L525CME","LAFTEC",2421285,19/07/24,09/07/26,"ALMOXARIFADO"
"Trena ","80000 mm","Lufkin","TR-572","TR-572","N/C","L525CME","LAFTEC",2421286,19/07/24,09/07/26,"ALMOXARIFADO"
"Trena ","80000 mm","Lufkin","TR-573","TR-573","N/C","L525CME","LAFTEC",2421287,19/07/24,09/07/26,"ALMOXARIFADO"
"Trena ","80000 mm","Lufkin","TR-574","TR-574","N/C","L525CME","LAFTEC",2421288,19/07/24,09/07/26,"ALMOXARIFADO"
"Trena ","5000 mm","Lufkin","TR-575","TR-575","N/C","L516CME","LAFTEC",2500651,08/01/25,29/12/26,"OBRA 121"
"Trena ","5000 mm","Lufkin","TR-576","TR-576","N/C","L516CME","LAFTEC",2500652,08/01/25,29/12/26,"OBRA 118"
"Trena ","5000 mm","Lufkin","TR-577","TR-577","N/C","L516CME","LAFTEC",2500653,08/01/25,29/12/26,"OBRA 118"
"Trena ","5000 mm","Lufkin","TR-578","TR-578","N/C","L516CME","LAFTEC",2500654,08/01/25,29/12/26,"OBRA 118"
"Trena ","8000 mm","Lufkin","TR-579","TR-579","N/C","L525CME","LAFTEC",2500655,08/01/25,29/12/26,"OBRA 118"
"Trena ","8000 mm","Lufkin","TR-580","TR-580","N/C","L525CME","LAFTEC",2500656,08/01/25,29/12/26,"OBRA 118"
"Trena ","8000 mm","Lufkin","TR-581","TR-581","N/C","L525CME","LAFTEC",2500657,08/01/25,29/12/26,"OBRA 118"
"Trena ","8000 mm","Lufkin","TR-582","TR-582","N/C","L525CME","LAFTEC",2500658,08/01/25,29/12/26,"OBRA 118"
"Trena ","30000 mm","Lufkin","TR-583","TR-583","N/C","ST30CML","LAFTEC",2500659,08/01/25,29/12/26,"OBRA 118"
"Trena ","30000 mm","Lufkin","TR-584","TR-584","N/C","ST30CML","LAFTEC",2500660,08/01/25,29/12/26,"OBRA 118"
"Trena ","5000 mm","MTX","TRE-001","TRE-001","N/C",3100555,"TECNICA CALIB.",2001356,11/03/20,01/03/22,"ALMOXARIFADO"
"Trena ","5000 mm","MTX","TRE-002","TRE-002","N/C",3100555,"TECNICA CALIB.",2001357,11/03/20,01/03/22,"ALMOXARIFADO"
"Trena ","30000 mm","Lufkin","TRE-004","TRE - 004","N/C","TS510-30M","LAFTEC",2217127,04/08/22,24/07/24,"ALMOXARIFADO"
"Trena ","5000 mm","Lufkin","TRE-077","TRE-077","N/C","L516CME","METRUS","D0688001-0618",09/06/18,29/05/20,"ALMOXARIFADO"
"Trena ","8000 mm","Lufkin","TRE-098-001","TRE-098-001","N/C","L525CMES","LAFTEC",2212872,08/06/22,28/05/24,"ALMOXARIFADO"
"Trena ","8000 mm","Lufkin","TRE-098-002","TRE-098-002","N/C","L525CMES","LAFTEC",2212873,08/06/22,28/05/24,"ALMOXARIFADO"
"Trena ","1000 mm","Lufkin","TRE-098-003","TRE-098-003","N/C","L525CMES","LAFTEC",2212874,13/06/22,02/06/24,"ALMOXARIFADO"
"Trena ","5000 mm","Starrett","TRE-098-004","TRE-098-004","N/C","TS34-5ME","METRUS","D0688008-0321",19/03/21,09/03/23,"ALMOXARIFADO"
"Trena ","5000 mm","Starrett","TRE-098-005","TRE-098-005","N/C","TS34-5ME","METRUS","D0688009-0321",19/03/21,09/03/23,"ALMOXARIFADO"
"Trena ","5000 mm","Starrett","TRE-098-006","TRE-098-006","N/C","TS34-5ME","METRUS","D06880010-0321",19/03/21,09/03/23,"ALMOXARIFADO"
"Trena - 3000 mm",,"Lufkin","TR-004","TR-004","N/C","TS510-30M","TECNICA CALIB.",1800624,11/03/20,01/03/22,"ALMOXARIFADO"
"Trena Digital","5000 mm","Bosch",1705,1705,107185313,"DLE 70","LAFTEC",2506014,27/02/25,21/08/26,"ALMOXARIFADO"
"Trena Digital","71 mm","Bosch",1765,1765,112384710,"DLE 70","LAFTEC",2415673,14/06/24,06/12/25,"OBRA 118"
"Trena Digital","50000 mm","Bosch",2201,2201,232412012,"GLM50-27CG","LAFTEC",2506013,27/02/25,21/08/26,"OBRA 118"
"Tubo Decantador Graduado - Tipo Pera",,"Metal Check","TD201C","TD201C","N/C","TD201C","LAF METROLOGIA",1800655,03/02/18,"INDETERMINADO","ALMOXARIFADO"
"Tubo Decantador Graduado - Tipo Pera",,"Metal Check","VID-001","VID-001","TC 249","N/C","METRUS","D0688006-0620",02/07/20,"INDETERMINADO","ALMOXARIFADO"
"Tubo Decantador Graduado - Tipo Pera",,"Metal Check","VID-002","VID-002","TC 249","N/C","METRUS","D0688007-0620",02/07/20,"INDETERMINADO","ALMOXARIFADO"
"Tubo Decantador Graduado - Tipo Pera",,"Metal Check","VID-003","VID-003","TC 249","N/C","METRUS","D0688008-0620",02/07/20,"INDETERMINADO","ALMOXARIFADO"
"Tubo Decantador Graduado - Tipo Pera",,"Metal Check","VID-004","VID-004","TC 250","N/C","METRUS","D0688009-0620",02/07/20,"INDETERMINADO","ALMOXARIFADO"
"Tubo Decantador Graduado - Tipo Pera (Colorido)","(Particula Magnetica)","SERV-END",3125,3125,3125,"Colorido","SERV-END","7351/22",10/10/22,"INDETERMINADO","ALMOXARIFADO"
"Ultrassom Automatizado",,"Olympus","N/A","N/C","OMNI2 -102047 / OMNI- 201218 ","OMNI -MX2","ELETRONICA SBJ","0299/2018",16/10/18,05/10/20,"ALMOXARIFADO"
"Ultrassom Phased Array","END INSPEÇÃO DE SOLDA","Olympus","END-001","END-001","OMNI2-102047","Omniscan MX2","END INSPEÇÃO ",1520,14/03/23,13/03/24,"ALMOXARIFADO"
"Ultrassom Phased Array",,"Olympus","Nura","Nura","OMNI-101664","Omniscan MX-1","ENDVALE",687,30/03/21,30/03/22,"ALMOXARIFADO"
"Ultrassom Pulso/Eco",,"GE","Inspetora Jane","USM GO",11125171,"USM GO","ENDVALE",1373,23/12/24,23/12/25,"OBRA 118"
"Válvula de Segurança",,"VL-01","VL-01","N/C","N/C","N/C","LAFTEC",2303337,14/02/23,14/02/24,"ALMOXARIFADO"
"Válvula de Segurança",,"VL-02","VL-02","N/C","N/C","N/C","LAFTEC",2415691,19/06/24,19/06/25,"OBRA 118"
"Válvula de Segurança",,"VL-03","VL-03","N/C","N/C","N/C","LAFTEC",2415692,19/06/24,19/06/25,"OBRA 118"
"Válvula de Segurança",,"VL-04","VL-04","N/C","N/C","N/C","LAFTEC",2415693,19/06/24,19/06/25,"OBRA 118"
"Válvula de Segurança",,"VL-05","VL-05","N/C","N/C","N/C","LAFTEC",2415694,19/06/24,19/06/25,"OBRA 118"
"Válvula de Segurança",,"VL-06","VL-06","N/C","N/C","N/C","LAFTEC",2415690,12/06/24,12/06/25,"OBRA 118"
"Válvula de Segurança",,"VL-07","VL-07","N/C","N/C","N/C","LAFTEC",2416819,19/06/24,19/06/25,"OBRA 118"
"Válvula de Segurança",,"VL-08","VL-08","N/C","N/C","N/C","LAFTEC",2416820,19/06/24,19/06/25,"OBRA 118"
"Válvula de Segurança","BOING (Verificar a validade)",11766,11766,"N/C","N/C","N/C","BILL MAKER","22040/25",16/01/25,16/01/26,"OBRA 118"
"Válvula Criogênica","BOING (Verificar a validade)","N/C","N/C","VCAT 012","BNG 001",,"CRYOVAL","074/25",14/03/24,04/03/26,"OBRA 118"
"Válvula de Segurança- Jato",,"Lubefer","VS-001","VS-001","N/C","LUB-30","METRUS","P0688001-0921",17/09/21,17/09/22,"ALMOXARIFADO"
"Válvula de Segurança- Jato",,"Lubefer","VS-002","VS-002","N/C","LUB-30","METRUS","P0688002-0921",17/09/21,17/09/22,"ALMOXARIFADO"
"Válvula de Segurança- Jato",,"Lubefer","VS-003","VS-003","N/C","LUB-30","METRUS","P0688003-0921",17/09/21,17/09/22,"ALMOXARIFADO"
"Válvula de Segurança- Jato",,"Lubefer","VS-004","VS-004","N/C","LUB-30","METRUS","P0688004-0921",17/09/21,17/09/22,"ALMOXARIFADO"
"Válvula de Segurança-Jato",,"N/C","VS-005","VS-005","N/C","N/C","METRUS","P0688001-1021",28/10/21,28/10/22,"ALMOXARIFADO"
"Válvula de Segurança-Jato",,"N/C","VS-006","VS-006","N/C","N/C","METRUS","P0688002-1021",28/10/21,28/10/22,"ALMOXARIFADO"
"Válvula de Segurança-Jato",,"N/C","VS-007","VS-007","N/C","N/C","METRUS","P0688003-1021",28/10/21,28/10/22,"ALMOXARIFADO"
"Válvula de Segurança-Jato",,"N/C","VS-008","VS-008","N/C","N/C","METRUS","P0688004-1021",28/10/21,28/10/22,"ALMOXARIFADO"
"Válvula de Segurança-PSV (AF Serviços Técnicos)",,"N/C","PI-001AF","PI-001AF","N/C","N/C","AF SERV.IND.","0504/24",20/09/24,20/09/25,"OBRA 118"
"Yoke",,"Super Magma",180,180,"1538/10","HMM6","LAFTEC",2415652,19/06/24,09/06/26,"OBRA 118"
"Yoke",,"Serv- End",181,181,2436,"SEY 101/A","LAFTEC",2222376,06/10/22,25/09/24,"ALMOXARIFADO"
"Yoke",,"Serv- End",182,182,2441,"SEY 101/A","LAFTEC",2300731,26/01/23,15/01/25,"ALMOXARIFADO"
"Yoke",,"Serv- End",183,183,2437,"SEY 101/A","LAFTEC",2519257,17/06/25,07/06/27,"OBRA 121"
"Yoke",,"Serv- End",184,184,2332,"SEY 101/A","METRUS","E0688006-0421",06/04/21,27/03/23,"ALMOXARIFADO"
"Yoke",,"Serv- End",185,185,185,"N/C","LAFTEC",2222377,06/10/22,25/09/24,"ALMOXARIFADO"
"Yoke",,"Serv- End",186,186,2411,"SEY 101/A","LAFTEC",2222378,06/10/22,25/09/24,"ALMOXARIFADO"
"Yoke",,"Supermagna","N/C","N/C","N/C","HMM6","SERV- END","6693/2020",09/11/20,30/10/22,"ALMOXARIFADO"
"Yoke",,"Serv- End","N/C","N/C",2412,"SEY 101/A","SERV- END","6673/2020",11/09/20,01/09/22,"ALMOXARIFADO"
"Yoke ",,"Serv-End",1295,1295,"1410/09","HMM6","LAFTEC",2226787,24/11/22,13/11/24,"ALMOXARIFADO"
"Yoke ",,"Super-Magna",1296,1296,"N/C","HMM6","LAFTEC",2415653,19/06/24,09/06/26,"OBRA 118"
"Yoke ",,"Serv-End",1829,1829,2334,101,"METROLOGIA 9000","MTR2407-20",13/07/20,03/07/22,"ALMOXARIFADO"
"Yoke ",,"Serv-End",1830,1830,1513,"HMM6","LAFTEC",2415654,19/06/24,09/06/26,"OBRA 121"
"Yoke ",,"Serv-End",1831,1831,1831,"HMM6","LAFTEC",2518004,09/06/25,30/05/27,"OBRA 121"
"Yoke ",,"Metal Check",1832,1832,1832,"HMM6","LAFTEC",2222380,06/10/22,25/09/24,"ALMOXARIFADO"
