Alicate Amperimetro,,Minipa,1251,1251,ET-320A290748,ET-3200A,TÉCNICA CALIB.,2001354,2020-03-04,2022-02-22,ALMOXARIFADO
Multimetro Digital,,Minipa,1412,NC,ET-2651001482,ET-2651,LAFTEC,2224246,2022-10-20,2024-04-12,ALMOXARIFADO
Alicate Amperimetro,,Minipa,1421,1421,ET320A322396,ET-3200A,LAFTEC,2415647,2024-06-24,2026-06-14,OBRA 118
Alicate Amperimetro,,Minipa,1422,1422,ET-320A322399,ET-3200A,LAF METROLOGIA,1800615,2018-02-08,2020-01-29,ALMOXARIFADO
Alicate Amperimetro,,Fluke,1915,1915,40440567WS,325,LAFTEC,2305350,2023-03-10,2025-02-27,OBRA 118
Alicate Amperimetro,,Fluke,2000,2000,48765280MV,325,TECNICA CALIB.,2504613,2025-02-17,2027-02-07,OBRA 118
Alicate Amperimetro,,Minipa,AL-12,AL-12,N/C,ET-3810,LAF METROLOGIA,1800614,2018-02-08,2020-01-29,ALMOXARIFADO
Alicate Amperimetro Digital,,Minipa,572,572,N/C,ET-3166,METRUS,E0688004-0619,2019-06-04,2021-05-24,ALMOXARIFADO
Alicate Amperimetro Digital,,Minipa,861,861,N/C,ET-3200A,LAFTEC,E0688001-0618,2018-06-08,2020-05-28,ALMOXARIFADO
Alicate Amperimetro Digital,,,862,862,ET320A240644,ET-3200A,LAFTEC,2415648,2024-06-24,2026-06-14,OBRA 118
Alicate Amperimetro Digital,,Fluke,1914,1914,40440566WS,325,LAFTEC,2504612,2025-02-17,2027-02-07,OBRA 118
Alicate Amperimetro Digital,,Fluke,2042,2042,54782711MV,325,LAFTEC,2434026,2024-10-18,2026-10-08,OBRA 118
Alicate Amperimetro Digital,,Fluke,2113,2113,58600204MV,326,LAFTEC,2307943,2023-03-28,2025-03-17,OBRA 118
Axial (HIDROMETRO),BOING,AKVOMETER,L22AK0000016,L22AK0000016,L22AK0000016,N/C,HIDROMETER,08090/25A,2025-03-13,2027-03-03,OBRA 118
Balança,,Filizola,BAL-001,BAL-001,3115/2008,MF-6/1,LAF METROLOGIA,1800661,2018-02-07,2020-01-28,ALMOXARIFADO
Balança Digital,,Welmy,1922,1922,21331,BCW6/15/30,LAFTEC,2415650,2024-06-19,2025-06-19,OBRA 118
Haste Padrão,325 mm | 325 mm,Digimess,BPA-001,BPA-001,N/C,N/C,LAFTEC,2506021,2025-02-27,2026-02-22,ALMOXARIFADO
Haste Padrão,375 mm | 375 mm,Digimess,BPA-002,BPA-002,N/C,N/C,LAFTEC,2506022,2025-02-27,2026-02-22,ALMOXARIFADO
Barra Padrão,,Digimess,BPA-003,BPA-003,N/C,N/C,METROLOGIA 9000,MTR 2432-20,2020-07-13,2025-06-17,ALMOXARIFADO
Barra Padrão,,Digimess,BPA-004,BPA-004,N/C,N/C,METROLOGIA 9000,MTR 2433-20,2020-07-13,2025-06-17,ALMOXARIFADO
Barra Padrão,,Digimess,BPA-005,BPA-005,N/C,N/C,METROLOGIA 9000,MTR 2434-20,2020-07-14,2025-06-18,ALMOXARIFADO
Barra Padrão,,Digimess,BPA-006,BPA-006,N/C,N/C,METROLOGIA 9000,MTR 2435-20,2020-07-14,2025-06-18,ALMOXARIFADO
Bloco Escalonado,,SBF END,BL 02,BL 02,1911617,N/C,LAFTEC,2300722,2023-01-23,2025-01-12,OBRA 118
Bloco Escalonado,,SBF END,BL 03,BL 03,1911717,N/C,METROLOGIA 9000,MTR2415-20,2020-07-14,2022-07-04,ALMOXARIFADO
Bloco Escalonado,,SBF END,BL 04,BL 04,1911817,N/C,METROLOGIA 9000,MTR2417-20,2020-07-14,2022-07-04,ALMOXARIFADO
Bloco Escalonado,,SBF END,BL 06,BL 06,1912017,N/C,LAFTEC,2211561,2022-05-30,2024-05-19,ALMOXARIFADO
Bloco Escalonado,,N/C,1934,1934,N/C,BLOCO ESC,LAFTEC,2415651,2024-06-18,2026-06-08,OBRA 118
Bloco Escalonado -ME,,N/C,ECO-0028,ECO-0028,N/C,N/C,PRESERTEC,012509-19,2019-09-01,2021-08-21,ALMOXARIFADO
Bloco Escalonado -US,Locado,N/C,BLE-TUC-005,BLE-TUC-005,N/C,N/C,PRESERTEC,005427-21,2021-03-17,2023-03-07,ALMOXARIFADO
Bloco Jis,,N/C,839,839,N/C,N/C,Eishin Kagaku,N/C,2008-05-22,,OBRA 118
Bloco Padrão,,,305,305,,,,,,,ALMOXARIFADO
Bloco Padrão,,,309,309,,,,,,,ALMOXARIFADO
Bloco Padrão Massa,,N/C,CP-318,CP-318,N/C,N/C,TECNOISO,13103220218,2022-02-18,2027-01-23,ALMOXARIFADO
Calibrador Digital (Isocal),Locado (master automação),Presys,89,89,214.09.14,Isocal MCS-8,SOCINTEC,RI 1530/22,2022-05-12,2023-05-12,ALMOXARIFADO
Calibre de Solda,0 mm | 45 mm,Carbografite,CAS-004,CAS-004,N/C,CE-CG 298,LAFTEC,2306020,2023-03-09,2025-02-26,ALMOXARIFADO
Calibre de Solda,,Carbografite,CAS-015,CAS-015,N/C,N/C,LAFTEC,2217129,2022-08-04,2024-07-24,ALMOXARIFADO
Calibre de Solda,,,CAS-016,CAS-016,N/C,CG CAM Gauge,LAFTEC,2415658,2024-06-18,2026-06-08,OBRA 118
Calibre de Solda,0 mm | 60 mm,Carbografite,CAS-021,CAS-021,N/C,CG Cam Gauge,LAFTEC,2305357,2023-03-07,2025-02-24,OBRA 118
Calibre de Solda,0 mm | 20 mm,Calibre de Solda,CAS-022,CAS-022,N/C,N/C,LAFTEC,2517535,2025-06-04,2027-05-25,OBRA 121
Calibre de Solda,,Carbografite,99-01,99-01,N/C,N/C,LAFTEC,2517536,2025-06-04,2027-05-25,OBRA 121
Calibre de Solda,0 mm | 45 mm,Carbografite,CAS-040,40,N/C,CE-CG298,LAFTEC,2224242,2022-10-24,2024-10-13,ALMOXARIFADO
Calibre de Solda,,Carbografite,CS-001,CS-001,N/C,N/C,TÉCNICA CALIB.,2000033,2020-01-27,2022-01-16,ALMOXARIFADO
Calibre de Solda - Hi-Lo,,Carbografite,CAS-025,CAS-025,CAS-025,CE-CG298,LAFTEC,2421858,2024-07-23,2026-07-13,OBRA 121
Calibre de Solda - Hi-Lo,,Carbografite,CAS-026,CAS-026,N/C,CE-CG298,LAFTEC,2415657,2024-06-14,2026-06-04,OBRA 118
Calibre de Solda - Hi-Lo,0 mm | 45 mm,Carbografite,CAS-030,CAS-030,N/C,CE-CG298,LAFTEC,2306019,2023-03-09,2025-02-26,ALMOXARIFADO
Calibre de Solda - Hi-Lo,0 mm | 45 mm,Carbografite,CAS-033,CAS-033,N/C,CE-CG298,LAFTEC,2421861,2024-07-23,2026-07-13,ALMOXARIFADO
Calibre de Solda - Hi-Lo,,Carbografite,CAS-041,CAS-041,N/C,CE-CG298,METRUS,2415656,2024-06-14,2026-06-04,OBRA 118
Calibre de Solda - Hi-Lo,0 mm | 45 mm,Carbografite,CAS-044,44,N/C,N/C,LAFTEC,2421859,2024-07-23,2026-07-13,ALMOXARIFADO
Calibre de Solda - Hi-Lo,0 mm | 45 mm,Zaas,CAS-046,46,N/C,113-0016,LAFTEC,2421860,2024-07-23,2026-07-13,ALMOXARIFADO
Calibre de Solda - Hi-Lo,0 mm | 45 mm,Zaas,CAS-047,47,N/C,113-0016,LAFTEC,2421862,2024-07-23,2026-07-13,OBRA 120
Calibre de Solda - Hi-Lo,0 mm | 45 mm,Zaas,CAS-048,48,N/C,113-0016,LAFTEC,2421863,2024-07-23,2026-07-13,ALMOXARIFADO
Calibre de Solda - Hi-Lo,,Carbografite,CAS-43,43,N/C,N/C,LAFTEC,2214748,2022-07-01,2024-06-20,ALMOXARIFADO
Calibre de Solda - Hi-Lo,,Carbografite,CAS-45,45,N/C,N/C,LAFTEC,2214750,2022-07-01,2024-06-20,ALMOXARIFADO
Cappo Plus - Calibrador Portáti Microproc.,,Ecil,CCP-001,CCP-01,N/C,Cappo Plus,METRUS,E0688001-1221,2021-12-29,2022-12-24,ALMOXARIFADO
Medidor de Camadas Ferroso,,N/C,1370,1370,N425624,CM-8822,METRUS,2306279,2021-11-23,2023-11-13,ALMOXARIFADO
Conjunto de Filmes Padrão (Bloco Padrão),,Instrutherm,1812/F,1812/F,N/C,N/C,TECNICA CALIB.,2004563,2020-08-14,2025-07-19,ALMOXARIFADO
Conjunto de Filmes Padrão (Bloco Padrão),,DeFelsko,WS-824-1,WS-824-1,N/C,N/C,TECNOISO,8703220221,2022-02-21,2023-02-21,ALMOXARIFADO
Conjunto de Filmes Padrão (Bloco Padrão),,DeFelsko,WS-824-2,WS-824-2,N/C,N/C,TECNOISO,8705220221,2022-02-21,2023-02-21,ALMOXARIFADO
Conjunto de Filmes Padrão (Bloco Padrão),,DeFelsko,WS-824-3,WS-824-3,N/C,N/C,TECNOISO,8704220221,2022-02-21,2023-02-21,ALMOXARIFADO
Controlador de Temperatura,,Autonics,CT-001,CT-001,N/C,TCN4S-24R,LAF METROLOGIA,1800610,2018-02-07,2020-01-28,ALMOXARIFADO
Controlador de Temperatura,,Coel,CT-002,CT-002,14201101,TLK48,LAF METROLOGIA,1800611,2018-02-07,2020-01-28,ALMOXARIFADO
Detector de Fuga de Gás,,N/C,600,600,KA419-6011276,N/C,CLEAN ENVIROMENT,0342.25,2025-03-20,2026-03-20,OBRA 118
Detector de Fuga de Gás,,Central Brasil,1865,1865,N/C,DY8800A+,CENTRAL BRASIL,12343.22,2022-06-22,2023-06-22,ALMOXARIFADO
Detector de Fuga de Gás,,Central Brasil,1866,1866,N/C,DY8800A+,CENTRAL BRASIL,12342.22,2022-06-22,2023-06-22,ALMOXARIFADO
Detector de Fuga de Gás,,BW Tecnologies,1916,1916,KA418-6000687,GAS ALERT,CLEAN ENVIROMENT,0744.19,2019-06-19,2020-06-18,ALMOXARIFADO
Detector de Fuga de Gás,,Central Brasil,1969,1969,AD203739038,CBDGC-8800,CENTRAL BRASIL,8869.21,2021-07-21,2022-07-21,ALMOXARIFADO
Detector de Fuga de Gás,,Central Brasil,1970,1970,AD203739033,CBDGC-8800,CENTRAL BRASIL,8868.21,2021-07-21,2022-07-21,ALMOXARIFADO
Detector de Fuga de Gás,,Central Brasil,1977,1977,1749776,MGC-1000,CENTRAL BRASIL,15949.23,2023-03-24,2024-03-23,ALMOXARIFADO
Detector de Fuga de Gás,,Central Brasil,1978,1978,1749774,MGC-1000,CENTRAL BRASIL,24340.24,2024-10-18,2025-10-18,ALMOXARIFADO
Detector de Fuga de Gás,,Central Brasil,1980,1980,1749779,MGC-1000,CENTRAL BRASIL,6346.20,2020-06-24,2021-06-24,ALMOXARIFADO
Detector de Fuga de Gás,,Central Brasil,1981,1981,1749775,MGC-1000,CENTRAL BRASIL,6342.20,2020-06-24,2021-06-24,ALMOXARIFADO
Detector de Fuga de Gás,,Central Brasil,1982,1982,1749778,MGC-1000,CENTRAL BRASIL,13969.22,2022-10-27,2023-10-27,ALMOXARIFADO
Detector de Fuga de Gás,,Central Brasil,1983,1983,1749773,MGC-1000,CENTRAL BRASIL,6340.20,2020-06-24,2021-06-24,ALMOXARIFADO
Detector de Fuga de Gás,,Central Brasil,1984,1984,1749777,MGC-1000,CENTRAL BRASIL,6344.20,2020-06-24,2021-06-24,ALMOXARIFADO
Detector de Fuga de Gás,,Central Brasil,1985,1985,1749780,MGC-1000,CENTRAL BRASIL,24339.24,2024-08-05,2025-08-05,OBRA 118
Detector de Fuga de Gás,,Minipa,2003,2003,1927288,MGC-1000,CENTRAL BRASIL,13968.22,2022-10-27,2023-10-27,ALMOXARIFADO
Detector de Fuga de Gás,,Minipa,2002,2002,1927287,MGC-1000,CENTRAL BRASIL,24413.24,2024-08-07,2025-08-07,ALMOXARIFADO
Detector de Fuga de Gás,,Minipa,2041,2041,1749762,MGC-1000,CENTRAL BRASIL,15947.23,2023-03-24,2024-03-23,ALMOXARIFADO
Detector de Fuga de Gás,,Minipa,1749771,1749771,1749771,MGC-1000,CENTRAL BRASIL,24415.24,2024-08-07,2025-08-07,OBRA 118
Detector Portátil de Gás,,N/C,1937,1937,KA418-6003918,N/C,CLEAN ENVIROMENT,0341.25,2025-03-20,2026-03-20,ALMOXARIFADO
Detector Portátil de Gás,,,2099,2099,KA422-6033247,N/C,CLEAN ENVIROMENT,0340.25,2025-03-20,2026-03-20,ALMOXARIFADO
Detector Portátil de Gás,,,2100,2100,KA422-6033246,N/C,CLEAN ENVIROMENT,1402.24,2024-10-18,2025-10-18,OBRA 118
Dinamometro Digital,,instrutemp,2045,2045,977721,ITFG 6020,INSTRUTEMP,233069/21,2021-11-19,2022-11-19,ALMOXARIFADO
Dinamometro Digital,,instrutemp,2046,2046,977753,ITFG 6020,LAFTEC,2415696,2024-06-19,2025-06-19,OBRA 118
Durometro de Impacto,,GE,1822,1822,8372,MIC10,LAFTEC,2415655,2024-06-21,2027-06-06,OBRA 118
Durometro de Impacto,,Woltest,1826,1826,n/c,MOD4007,TÉCNICA CALIB.,1907709,2019-12-18,2022-12-02,ALMOXARIFADO
Durometro Rockwell Portatil,,GE,1823,1823,8403,MIC10,METRUS,D0688005-0122,2022-01-18,2025-01-02,ALMOXARIFADO
Eddy Current,,Olympus,Sagatech,Sagatech,60006150455,Nortec 600,ENDVALE,1004,2022-02-22,2023-02-22,ALMOXARIFADO
Esquadro,,Stanley,ESQ-309,ESQ-309,N/C,46-536,LAFTEC,2421241,2024-07-19,2026-07-09,OBRA 118
Esquadro,"""24""""""",Stanley,ESQ-310,ESQ-310,N/C,46-536,LAFTEC,2421242,2024-07-19,2026-07-09,OBRA 118
Esquadro,,Vonder,ESQ-310/1,ESQ-310/1,N/C,N/C,LAFTEC,2423157,2024-07-25,2026-07-15,ALMOXARIFADO
Esquadro,"""24""""""",Stanley,ESQ-311,ESQ-311,N/C,46-536,LAFTEC,2421243,2024-07-19,2026-07-09,OBRA 118
Esquadro,,Vonder,ESQ-311/1,ESQ-311/1,N/C,N/C,LAFTEC,2423158,2024-07-25,2026-07-15,ALMOXARIFADO
Esquadro,,Stanley,ESQ-312,ESQ-312,N/C,46-536,LAFTEC,2421244,2024-07-19,2026-07-09,OBRA 118
Esquadro,,Stanley,ESQ-313,ESQ-313,N/C,46-536,LAFTEC,2421245,2024-07-19,2026-07-09,OBRA 118
Esquadro,,Stanley,ESQ-314,ESQ-314,N/C,46-536,LAFTEC,2421246,2024-07-19,2026-07-09,ALMOXARIFADO
Esquadro,,Stanley,ESQ-315,ESQ-315,N/C,46-536,LAFTEC,2421247,2024-07-19,2026-07-09,OBRA 118
Esquadro,,Stanley,ESQ-316,ESQ-316,N/C,46-536,LAFTEC,2421248,2024-07-19,2026-07-09,ALMOXARIFADO
Esquadro,,Stanley,ESQ-317,ESQ-317,N/C,46-536,LAFTEC,2421249,2024-07-19,2026-07-09,ALMOXARIFADO
Esquadro,,Stanley,ESQ-318,ESQ-318,N/C,46-536,LAFTEC,2421250,2024-07-19,2026-07-09,ALMOXARIFADO
Esquadro,,Starrett,MDA-001,MDA-001,N/C,53M-300,LAFTEC,2305351,2023-03-07,2025-02-24,OBRA 118
Esquadro Analógico,,Stanley,ES-03,ES-03,N/C,46-536,TECNICA CALIB.,2001361,2020-03-12,2022-03-02,ALMOXARIFADO
Esquadro Analógico,,Stanley,ESQ-093,ESQ-093,N/C,46-536,TECNICA CALIB.,2001362,2020-03-12,2022-03-02,ALMOXARIFADO
Esquadro Analógico,,N/C,ESQ-001,ESQ-001,N/C,N/C,LAF METROLOGIA,1800638,2018-02-06,2020-01-27,ALMOXARIFADO
Esquadro Analógico,,N/C,ESQ-071,ESQ-071,N/C,N/C,LAF METROLOGIA,1800639,2018-02-06,2020-01-27,ALMOXARIFADO
Esquadro Analógico,,N/C,ESQ-09/A,ESQ-09/A,N/C,N/C,LAF METROLOGIA,1800640,2018-02-06,2020-01-27,ALMOXARIFADO
Esquadro Analógico,,Stanley,ESQ-248/A,ESQ-248/A,N/C,N/C,LAF METROLOGIA,1800642,2018-02-06,2020-01-27,ALMOXARIFADO
Esquadro Combinado,,Digimess,1077,1077,4-4070543,N/C,LAFTEC,2415682,2024-06-14,2026-06-04,OBRA 118
Esquadro Combinado,,Zaas,1840,1840,12050541,NC,LAFTEC,2415684,2024-06-18,2026-06-08,OBRA 118
Esquadro Combinado,,Digimess,1841,1841,NC,180-202,LAFTEC,2415681,2024-06-18,2026-06-08,OBRA 118
Esquadro Combinado,,Zaas,1842,1842,12050541,NC,LAFTEC,2415683,2024-06-18,2026-06-08,OBRA 118
Esquadro de Fio,,Insize,ESP-001,ESP-001,111780143,4790-2500,LAFTEC,2415678,2024-06-14,2026-06-04,OBRA 118
Esquadro de Lâmina,,Stanley,ES-022,ES-022,N/C,N/C,METRUS,D0688028-0619,2019-06-10,2021-11-26,ALMOXARIFADO
Esquadro de Lâmina,,Stanley,ES-18,ES-18,N/C,N/C,METRUS,D0688029-0619,2019-06-10,2021-11-26,ALMOXARIFADO
Esquadro de Lâmina,,Stanley,ESQ-057,ESQ-057,N/C,N/C,METRUS,D0688030-0619,2019-06-10,2021-11-26,ALMOXARIFADO
Esquadro de Lâmina,,Ramada,ESQ-110,ESQ-110,N/C,N/C,METRUS,D0688026-0619,2019-06-10,2021-11-26,ALMOXARIFADO
Esquadro de Lâmina,,Stanley,ESQ-111/A,ESQ-111/A,N/C,N/C,METRUS,D0688008-1118,2018-11-13,2021-05-01,ALMOXARIFADO
Esquadro de Lâmina,,Stanley,ESQ-112/A,ESQ-112/A,N/C,N/C,METRUS,D0688009-0619,2019-06-10,2021-11-26,ALMOXARIFADO
Esquadro de Lâmina,,N/C,ESQ-139/A,ESQ-139/A,N/C,N/C,METRUS,D0688027-0619,2019-06-10,2021-11-26,ALMOXARIFADO
Esquadro de Lâmina,,Stanley,ESQ-184,ESQ-184,N/C,N/C,METRUS,D0688025-0619,2019-06-10,2021-11-26,ALMOXARIFADO
Esquadro de Lâmina,,Stanley,ESQ-186,ESQ-186,N/C,N/C,METRUS,D0688034-0619,2019-06-10,2021-11-26,ALMOXARIFADO
Esquadro de Lâmina,,Stanley,ESQ-188,ESQ-188,N/C,N/C,METRUS,D0688033-0619,2019-06-10,2021-11-26,ALMOXARIFADO
Esquadro de Lâmina,,Stanley,ESQ-187,ESQ-187,N/C,N/C,METRUS,D0688021-0619,2019-06-10,2021-11-26,ALMOXARIFADO
Esquadro de Precisão,,N/C,ESQ-027,ESQ-027,N/C,N/C,METRUS,D0688009-1118,2018-11-13,2020-11-02,ALMOXARIFADO
Esquadro de Precisão,,N/C,ESQ-110/A,ESQ-110/A,N/C,N/C,METRUS,D0688010-1118,2018-11-13,2020-11-02,ALMOXARIFADO
Esquadro de Precisão,,Starrett,ESQ-302,ESQ-302,N/C,3020,LAFTEC,2415679,2024-06-14,2026-06-04,OBRA 118
Esquadro de Precisão,,Starrett,ESQ-303,ESQ-303,N/C,53M-300,METRUS,2311802,2023-05-11,2025-04-30,OBRA 118
Esquadro de Precisão,,Starrett,ESQ-304,ESQ-304,N/C,53M-300,LAFTEC,2311803,2023-05-12,2025-05-01,OBRA 118
Esquadro de Precisão,,Starrett,ESQ-305,ESQ-305,N/C,53M-300,LAFTEC,2311804,2023-05-13,2025-05-02,OBRA 118
Esquadro de Precisão,,Starrett,ESQ-306,ESQ-306,N/C,53M-300,LAFTEC,2311805,2023-05-14,2025-05-03,OBRA 118
Esquadro de Precisão,,Starrett,ESQ-307,ESQ-307,N/C,53M-300,LAFTEC,2311806,2023-05-15,2025-05-04,OBRA 118
Esquadro de Precisão,,Starrett,ESQ-308,ESQ-308,N/C,53M-300,LAFTEC,2415680,2024-06-18,2026-06-08,OBRA 118
Fluxometro (Bibimetro),,N/C,FLX-001,FLX-001,N/C,N/C,LAFTEC,2224243,2022-10-24,2023-10-24,OBRA 118
Fluxometro (Bibimetro),,MATEC,MDV-001,MDV-001,N/C,SI-100,LAFTEC,2427404,2024-08-30,2025-08-30,OBRA 118
Fluxometro (Bibimetro),,,FLX-002,FLX-002,N/C,,LAFTEC,2438631,2024-11-29,2025-11-29,OBRA 118
Fluxometro (Bibimetro),,,FLX-003,FLX-003,N/C,,LAFTEC,2438632,2024-11-29,2025-11-29,OBRA 118
Fluxometro (Bibimetro),,,FLX-004,FLX-004,N/C,,LAFTEC,2438633,2024-11-29,2025-11-29,ALMOXARIFADO
Goniometro (Transferidor de Grau),,,629,629,4-801074,170-070,LAFTEC,2415685,2024-06-14,2025-06-14,OBRA 118
Transferidor de Grau,,Protactor,GO-001,GO-001,5001,NO-5001,METRUS,D0688002-0122,2022-01-12,2024-01-02,ALMOXARIFADO
Haste Padrão,,N/C,1837/A,1837/A,N/C,N/C,METRUS,D0688011-0620,2020-07-08,2021-07-03,ALMOXARIFADO
Haste Padrão,,Insize,1918/1,1918/1,N/C,N/C,LAFTEC,2302060,2023-01-26,2024-01-21,ALMOXARIFADO
Haste Padrão,,Insize,1918/2,1918/2,N/C,N/C,LAFTEC,2302061,2023-01-26,2024-01-21,ALMOXARIFADO
Haste Padrão,,Digimess,319/1,319/1,N/C,NC,LAFTEC,2302062,2023-01-26,2024-01-26,ALMOXARIFADO
Haste Padrão,,Digimess,319/2,319/1,N/C,NC,LAFTEC,2302063,2023-01-26,2024-01-26,ALMOXARIFADO
Haste Padrão,,N/C,1837/B,1837/B,N/C,N/C,METRUS,D0688012-0620,2020-07-08,2021-07-03,ALMOXARIFADO
Haste Padrão,200 mm | 200 mm,Digimess,1835-1,1835-1,N/C,N/C,LAFTEC,2506017,2025-02-27,2026-02-22,ALMOXARIFADO
Haste Padrão,220 mm | 220 mm,Digimess,1835-2,1835-2,N/C,N/C,LAFTEC,2506018,2025-02-27,2026-02-22,ALMOXARIFADO
Haste Padrão,250 mm | 250 mm,Digimess,1835-3,1835-3,N/C,N/C,LAFTEC,2506019,2025-02-27,2026-02-22,ALMOXARIFADO
Haste Padrão,275 mm | 275 mm,Digimess,1835-4,1835-4,N/C,N/C,LAFTEC,2506020,2025-02-27,2026-02-22,ALMOXARIFADO
Holiday Detector,,END Araujo,593,593,754,HD-05,END Araujo,021/22,2022-01-28,2023-07-22,ALMOXARIFADO
Holiday Detector,,ET Class,1828,1828,2871-H,ETC-CX,LAFTEC,2415430,2024-06-21,2025-12-13,OBRA 118
Holiday Detector,,ET Class,1973,1973,4029-J,ETC-DC,ET Class,0166/2022,2022-04-29,2023-10-21,ALMOXARIFADO
Holiday Detector,,ETClass,1986,1986,4031-E,ETC-CX,LAFTEC,2415431,2024-06-21,2025-12-13,OBRA 118
Holiday Detector,,END Araujo,1987,1987,4005E,ETC-CX,LAFTEC,2438033,2024-11-25,2026-05-19,OBRA 118
Holiday Detector,,ETClass,1988,1988,4028-E,ETC-CX,ETCLASS,0163/2020,2020-06-22,2021-12-14,ALMOXARIFADO
Luxímetro,,Minipa,776,776,1011000283,MLM-1011,LAFTEC,2305360,2023-03-10,2025-08-26,OBRA 118
Luxímetro,,Minipa,LUX-001,LUX-001,N/C,MLM-1011,LAF METROLOGIA,1800619,2018-02-06,2020-01-27,ALMOXARIFADO
Luxímetro Digital,,Minipa,1252,1252,ML1011003128,MLM-111,LAFTEC,2224238,2022-10-20,2024-10-09,ALMOXARIFADO
Manômetro,0 kgf/cm² - 250 kgf/cm²,MTR,30,30,N/C,ND,LAFTEC,2227309,2022-11-24,2023-02-22,ALMOXARIFADO
Termohigrometro Digital,,Minipa,31,31,2298953,MT-241A,METRUS,E0688007-0821,2021-08-10,2023-07-31,ALMOXARIFADO
Manômetro,(0 kgf/cm² | 20 kgf/cm²),MTR,238,MAN-242,100563,N/C,LAFTEC,2304976,2023-03-02,2023-05-31,ALMOXARIFADO
Manômetro,(0 kgf/cm² | 90 kgf/cm²),TUB,243,243,100563,N/C,LAFTEC,2304978,2023-03-02,2023-05-31,ALMOXARIFADO
Manômetro,(0 a 160 kgf/cm2),Salvi,337,337,N/C,N/C,LAFTEC,2227307,2022-11-24,2023-02-22,ALMOXARIFADO
Manômetro,,Naka,1533,1533,30904,Classe 1 ABNT,METRUS,P0688009-0521,2021-05-18,2021-08-16,ALMOXARIFADO
Manômetro,,Naka,1534,1534,30833,N/C,LAFTEC,2503383,2025-02-10,2025-05-11,OBRA 118
Manômetro,(0 a 100 kgf/cm2),Willy,1536,1536,N/C,Classe A1 ABNT,MSMI,C205258/25,2025-07-09,2025-10-07,OBRA 118
Manômetro,(0 a 100 kgf/cm2),Naka,1537,1537,30902,Classe A1 ABNT,MSMI,C205262/25,2025-07-09,2025-10-07,OBRA 118
Manômetro,(0 a 10 kgf/cm2),Naka,1538,1538,N/C,Classe A1 ABNT,LAFTEC,2304191,2023-02-19,2023-05-20,ALMOXARIFADO
Manômetro,(0 a 60 kgf/cm2),Dox,1776,1776,N/C,N/C,LAFTEC,2518910,2025-06-17,2025-09-15,ALMOXARIFADO
Manômetro,(0 a 10 kgf/cm2),Suplyfer,1868,1868,N/C,Classe A1 ABNT,LAFTEC,2317942,2023-07-11,2023-10-09,ALMOXARIFADO
Manômetro,(0 kgf/cm² | 100 kgf/cm²),Alliance,1997,1997,N/C,N/C,LAFTEC,2304979,2023-03-02,2023-05-31,ALMOXARIFADO
Manômetro,(0 a 10 kgf/cm2),Asta,3054,(MAN-EGV-3054),N/C,N/C,LAFTEC,2304190,2023-02-17,2023-05-18,ALMOXARIFADO
Manômetro,(0 a 20 kgf/cm2),ASTA,6115,6115,N/C,N/C,LAFTEC,2521445,2025-07-07,2025-10-05,ALMOXARIFADO
Manômetro,,ARCIDEL,16160,16160,N/C,N/C,LAFTEC,2215516,2022-07-08,2022-10-06,ALMOXARIFADO
Manômetro,,Winters,096089,096089,96089,N/C,TECNICA CALIB.,2004660,2020-08-18,2020-11-16,ALMOXARIFADO
Manômetro,(0 a 160 kg/f2),Wika,239787,239787,239787,N/C,MSMI,C202326/25,2025-07-09,2025-10-07,OBRA 118
Manômetro,(0 a 25 kgf/cm2),Wika,239790,239790,82002N99,Classe A2 ABNT,MSMI,C202296/25,2025-07-09,2025-10-07,OBRA 118
Manômetro,(0 a 25 kgf/cm2),Wika,239791,239791,82002N9A,3616SS,LAFTEC,2304196,2023-02-17,2023-05-18,ALMOXARIFADO
Manômetro,0 kgf/cm² | 250 kgf/cm²,Wika,239792,239792,82002N9D,316SS,MSMI,C205263/25,2025-07-09,2025-10-07,OBRA 118
Manômetro,0 kgf/cm² | 250 kgf/cm²,Wika,239794,239794,82002N9B,316SS,LAFTEC,2503384,2025-02-06,2025-05-07,OBRA 118
Manômetro,0 kgf/cm² | 250 kgf/cm²,Wika,239796,239796,82002N9C,316SS,MSMI,C205264/25,2025-07-09,2025-10-07,OBRA 118
Manômetro,(0 a 60 kg/f2),Wika,351209,351209,8200A91C,316SS,LAFTEC,2518909,2025-06-17,2025-09-15,ALMOXARIFADO
Manômetro,(0 a 160 kgf/cm2),Wika,351248,351248,8200A91D,"""233.34.4.4.1/2""""""",MSMI,C202312/25,2025-07-09,2025-10-07,OBRA 118
Manômetro,(0 a 600 kgf/cm2),Wika,8200A91E,8200A91E,8200A91E,"""233.34.4.4.1/2""""""",WIKA DO BRASIL,LMP351247/22,2022-06-03,2022-09-01,ALMOXARIFADO
Manômetro,(0 a 25 kgf/cm2),Wika,8200DA31,8200DA31,8200DA31,"""233.34.4.1/2""""""",WIKA DO BRASIL,LPM396525/23,2023-07-21,2023-10-19,ALMOXARIFADO
Manômetro,(0 a 50 kgf/cm2),Wika,8200DA34,8200DA34,8200DA34,"""233.34.4.1/2""""""",WIKA DO BRASIL,LPM398386/23,2023-08-01,2023-10-30,ALMOXARIFADO
Manômetro,(0 a 7 kgf/cm2),Harris,MAN-01,MAN-01,N/C,25GX-50L-AR,LAFTEC,2303331,2023-02-14,2023-05-15,ALMOXARIFADO
Manômetro,(0 a 7 kgf/cm2),Harris,MAN-02,MAN-02,N/C,25GX-50L-AR,LAFTEC,2303332,2023-02-14,2023-05-15,ALMOXARIFADO
Manômetro,(0 a 20 kgf/cm2),Arcdal,MAN-03,MAN-03,N/C,N/C,LAFTEC,2303333,2023-02-14,2023-05-15,ALMOXARIFADO
Manômetro,(0 a 16 kgf/cm2),N/C,MAN-04,MAN-04,N/C,N/C,LAFTEC,2303334,2023-02-14,2023-05-15,ALMOXARIFADO
Manômetro,(0 a 16 kgf/cm2),Famabras,MAN-05 (A),MAN-05 (A),N/C,RI-16P,LAFTEC,2303335,2023-02-14,2023-05-15,ALMOXARIFADO
Manômetro,(0 a 315 kgf/cm2),Famabras,MAN-05 (B),MAN-05 (B),N/C,RI-16P,LAFTEC,2303336,2023-02-14,2023-05-15,ALMOXARIFADO
Manômetro,(0 a 7 kgf/cm2),N/C,MAN-06,MAN-06,N/C,N/C,LAFTEC,2303493,2023-02-14,2023-05-15,ALMOXARIFADO
Manômetro,(0 a 7 kgf/cm2),Famabras,MAN-07,MAN-07,N/C,GLP,LAFTEC,2303494,2023-02-14,2023-05-15,ALMOXARIFADO
Manômetro,""" (0 a 2","5 kgf/cm2)""",Condor,MAN-08 (A),MAN-08 (A),N/C,BR801,LAFTEC,,2023-02-14,15/5/2023,ALMOXARIFADO
Manômetro,(0 a 40 kgf/cm2),Condor,MAN-08 (B),MAN-08 (B),N/C,BR802,LAFTEC,2303496,2023-02-14,2023-05-15,ALMOXARIFADO
Manômetro,""" (0 a 2","5 kgf/cm2)""",V8 Brasil,MAN-09 (A),MAN-09 (A),N/C,N/C,LAFTEC,,2023-02-14,15/5/2023,ALMOXARIFADO
Manômetro,(0 a 40 kgf/cm2),V8 Brasil,MAN-09 (B),MAN-09 (B),N/C,N/C,LAFTEC,2303498,2023-02-14,2023-05-15,ALMOXARIFADO
Manômetro,(0 a 16 kgf/cm2),Metalgás,MAN-10 (A),MAN-10 (A),N/C,R102,LAFTEC,2303499,2023-02-14,2023-05-15,ALMOXARIFADO
Manômetro,(0 a 315 kgf/cm2),Metalgás,MAN-10 (B),MAN-10 (B),N/C,R102,LAFTEC,2303500,2023-02-14,2023-05-15,ALMOXARIFADO
Manômetro,(0 a 16 kgf/cm2),Famabras,MAN-11 (A),MAN-11 (A),N/C,RI-16P,LAFTEC,2303501,2023-02-14,2023-05-15,ALMOXARIFADO
Manômetro,(0 a 315 kgf/cm2),Famabras,MAN-11 (B),MAN-11 (B),N/C,RI-16P,LAFTEC,2303502,2023-02-14,2023-05-15,ALMOXARIFADO
Manômetro,(0 a 315 kgf/cm2),Manômetro,MPR-526,MPR-526,83201,N/C,LAFTEC,2306296,2023-03-10,2023-06-08,ALMOXARIFADO
Manômetro,(0 a 250 kgf/cm2),Wika,443073,443073-24,8200GARG,"""233.34.41/2""""""",WIKA DO BRASIL,LMP443073-24,2024-09-21,2024-12-20,OBRA 118
Manômetro,(0 a 10 kgf/cm2),ASTA,1873,1873,N/C,N/C,MSMI,C205250/25,2025-07-09,2025-10-07,OBRA 118
Manômetro,0 kgf/cm² | 15 kgf/cm²,ASTA,3098/13,3098/13,A162166,N/C,MSMI,C205254/25,2025-07-09,2025-10-07,OBRA 118
Manômetro,0 kgf/cm² | 4 kgf/cm²,ASTA,3149/13,3149/13,N/C,N/C,LAFTEC,2503376,2025-02-06,2025-05-07,OBRA 118
Manômetro,0 kgf/cm² | 20 kgf/cm²,ASTA,4424,4424,A162105,N/C,LAFTEC,2503379,2025-02-06,2025-05-07,OBRA 118
Manômetro (AF Serviços Técnicos),(0 a 250 kgf/cm2),N/C,PI-001AF,PI-001AF,N/C,N/C,AF SERV.IND.,0510/24,2024-09-20,2024-12-19,OBRA 118
Manômetro Analógico,0 kgf/cm² | 2.0 kgf/cm²,TUB,MPR-109,,,N/C,LAFTEC,2501248,2025-01-15,2025-04-15,OBRA 118
Manômetro Analógico,BOING,ASHCROFT,MBG 84,MBG 84,N/C,N/C,TORK,25045861,2025-04-04,2025-07-03,OBRA 118
Manômetro Analógico,BOING,CELLA,PI-02,PI-02,1465,N/C,TORK,25045862,2025-04-04,2025-07-03,OBRA 118
Manômetro Analógico,BOING,WILLY,11,11,N/C,N/C,TORK,25045863,2025-04-04,2025-07-03,OBRA 118
Manômetro- Máquina de Jato,,ARC- DAL,170074,170074,N/C,ARC 130/14-301,OFFICE-TEC SERVICE,170074/21,2021-09-28,2022-09-28,ALMOXARIFADO
Manômetro- Máquina de Jato,,ARC- DAL,166018/21,166018/21,N/C,ARC 130/14-300,OFFICE-TEC SERVICE,166018/21,2021-05-19,2022-05-19,ALMOXARIFADO
Manômetro- Máquina de Jato,,ARC- DAL,166020/21,166020/21,N/C,ARC 130/14-300,OFFICE-TEC SERVICE,166020/21,2021-05-19,2022-05-19,ALMOXARIFADO
Manômetro- Máquina de Jato,,ARC- DAL,166021/21,166021/21,N/C,ARC 130/14-300,OFFICE-TEC SERVICE,166021/21,2021-05-19,2022-05-19,ALMOXARIFADO
Manometro,0 kgf/cm² | 30 kgf/cm²,PAVIMETRICA,MAN-001,MAN-001,N/C,N/C,MSMI,C179673/25,2025-06-23,2025-09-21,ONBRA 118
Manometro Analógico,0 a 315 kgf,Wika,MAN-12/A,MAN-12/A,NC,NC,LAFTEC,2517519,2025-06-04,2025-09-02,OBRA 121
Manometro Analógico,0 A 40 L/min,Wika,MAN-12/B,MAN-12/B,NC,NC,LAFTEC,2517520,2025-06-04,2025-09-02,OBRA 121
Manometro Analógico,0 a 70 kgf,n/c,MAN-13/A,MAN-13/A,NC,NC,LAFTEC,2517521,2025-06-04,2025-09-02,OBRA 121
Manometro Analógico,0 kgf/cm² a 315 kgf/cm²,n/c,MAN-13/B,MAN-13/B,NC,NC,LAFTEC,2517522,2025-06-04,2025-09-02,OBRA 121
Manometro Analógico,0 L/min | 40 L/min,n/c,MAN-14/A,MAN-14/A,NC,NC,LAFTEC,2517523,2025-06-04,2025-09-02,OBRA 121
Manometro Analógico,0 kgf/cm² | 315 kgf/cm²,n/c,MAN-14/B,MAN-14/B,NC,NC,LAFTEC,2517524,2025-06-04,2025-09-02,OBRA 121
Manometro Analógico,0 L/min | 40 L/min,n/c,MAN-15/A,MAN-15/A,NC,NC,LAFTEC,2517525,2025-06-04,2025-09-02,OBRA 121
Manometro Analógico,0 kgf/cm² | 315 kgf/cm²,n/c,MAN-15/B,MAN-15/B,NC,NC,LAFTEC,2517526,2025-06-04,2025-09-02,OBRA 121
Manometro Analógico,0 L/min | 40 L/min,n/c,MAN-16/A,MAN-16/A,NC,NC,LAFTEC,2517527,2025-06-04,2025-09-02,OBRA 121
Manometro Analógico,0 kgf/cm² | 280 kgf/cm²,n/c,MAN-16/B,MAN-16/B,NC,NC,LAFTEC,2517528,2025-06-04,2025-09-02,OBRA 121
Manometro Analógico,0 kgf/cm² | 315 kgf/cm²,n/c,MAN-17/A,MAN-17/A,NC,NC,LAFTEC,2517529,2025-06-04,2025-09-02,OBRA 121
Manometro Analógico,0 kgf/cm² | 16 kgf/cm²,n/c,MAN-17/B,MAN-17/B,NC,NC,LAFTEC,2517530,2025-06-04,2025-09-02,OBRA 121
Manometro Analógico,0 kgf/cm² | 40 kgf/cm²,n/c,MAN-18/A,MAN-18/A,NC,NC,LAFTEC,2517531,2025-06-04,2025-09-02,OBRA 121
Manometro Analógico,0 kgf/cm² | 3 kgf/cm²,wika,MAN-18/B,MAN-18/B,NC,NC,LAFTEC,2517532,2025-06-04,2025-09-02,OBRA 121
Manometro Analógico,0 L/min | 40 L/min,nc,MAN-19/A,MAN-19/A,NC,NC,LAFTEC,2517533,2025-06-04,2025-09-02,OBRA 121
Manometro Analógico,0 kgf/cm² | 315 kgf/cm²,nc,MAN-19/B,MAN-19/B,NC,NC,LAFTEC,2517534,2025-06-04,2025-09-02,OBRA 121
Manometro Analógico,0 bar | 315 bar,Wika,MAN-20/A,MAN-20/A,N/C,N/C,N/C,2521287,2025-07-07,2025-10-05,OBRA 118
Manometro Analógico,0 bar | 400 bar,Wika,MAN-20/B,MAN-20/B,N/C,N/C,N/C,2521288,2025-07-04,2025-10-02,OBRA 118
Manometro Analógico,0 bar | 315 bar,Wika,MAN-21/A,MAN-21/A,N/C,N/C,N/C,2521289,2025-07-04,2025-10-02,OBRA 118
Manometro Analógico,0 bar | 400 bar,Wika,MAN-21/B,MAN-21/B,N/C,N/C,N/C,2521290,2025-07-04,2025-10-02,OBRA 118
Manometro Analógico,0 kgf/cm² | 10 kgf/cm²,ASTA,8154,8154,N/C,N/C,N/C,2521448,2025-07-07,2025-10-05,ALMOXARIFADO
Manometro Analógico,0 kgf/cm² | 10 kgf/cm²,ASTA,1867,1867,N/C,N/C,N/C,2521447,2025-07-07,2025-10-05,ALMOXARIFADO
Manometro Analógico,0 kgf/cm² | 20 kgf/cm²,ASTA,8469,8469,N/C,N/C,N/C,2521446,2025-07-07,2025-10-05,ALMOXARIFADO
Manômetro,(0 a 150 kgf/cm2),Wika,443071,443071-24,8200GARF,"""233.34.41/2"""" (316SS)""",MSMI,C163219/25,2025-06-09,2025-09-07,OBRA 118
Manômetro,(0 a 150 kgf/cm2),Wika,443072,443072-24,8200GARE,"""233.34.41/2"""" (316SS)""",MSMI,C163344/25,2025-06-09,2025-09-07,OBRA 118
Manômetro-Maquina de Jato,,Lube Fer,175918,175918,175918,LUB-30,OFFICE-TEC SERVICE,175918/22,2022-06-21,2023-06-21,ALMOXARIFADO
Manômetro-Maquina de Jato,,Lube Fer,175920,175920,175920,LUB-30,OFFICE-TEC SERVICE,175920/22,2022-06-21,2023-06-21,ALMOXARIFADO
Manômetro-Maquina de Jato,,Techgel,176291,176291,176291,N/C,OFFICE-TEC SERVICE,176291/22,2022-06-21,2023-06-21,ALMOXARIFADO
Manômetro-Maquina de Jato,,Techgel,176294,176294,176294,N/C,OFFICE-TEC SERVICE,176294/22,2022-06-21,2023-06-21,ALMOXARIFADO
Manômetro-Maquina de Jato,,ArcDal,177712,177712,177712,ARC-131/14-160,OFFICE-TEC SERVICE,177712/22,2022-06-21,2023-06-21,ALMOXARIFADO
Manômetro-Maquina de Jato,,ArcDal,177713,177713,177713,ARC-131/14-160,OFFICE-TEC SERVICE,177713/22,2022-06-21,2023-06-21,ALMOXARIFADO
Manômetro-Maquina de Jato,0 kgf/cm² | 20 kgf/cm²,Techgel,197818,197818,N/C,N/C,MSMI,C212317/25,2025-07-17,2025-10-15,OBRA 118
Manômetro-Maquina de Jato,,,197820,197820,N/C,N/C,OFFICE-TEC SERVICE,197820,2024-05-13,2025-05-10,OBRA 118
Manômetro-Maquina de Jato,,,197822,197822,N/C,N/C,OFFICE-TEC SERVICE,197822,2024-05-13,2025-05-10,OBRA 118
Manômetro-Maquina de Jato,,ArcDal,PS-033,PS-033,N/C,N/C,MSMI,C212319/25,2025-07-17,2026-07-17,OBRA 118
Manômetro-Maquina de Jato,,ArcDal,PS-034,PS-034,N/C,N/C,LAFTEC,2415689,2024-06-19,2025-06-19,OBRA 118
Manômetro-Maquina de Jato,,,PS-035,PS-035,N/C,N/C,MSMI,C212318/25,2025-07-17,2026-07-17,OBRA 118
Manômetro-Maquina de Jato,,,PS-036,PS-036,N/C,N/C,LAFTEC,desativado,,,
Manômetro Digital CL.A3,0 a 250 bar,Salvi,T 119.009/25,,,323,KILTLER DO BRASIL,T 119.009/25,2025-01-15,2026-01-15,OBRA 118
Manômetro Digital CL.A3,0 a 250 bar,Salvi,T 119.010/25,,,323,KILTLER DO BRASIL,T 119.010/25,2025-01-15,2026-01-15,OBRA 118
Medidor de Camada Digital,,NOVOTEST,140,140,949301,CM-8822,TECNOLAB,10407/20,2020-07-10,2022-06-30,ALMOXARIFADO
Medidor de Camada Digital,,NOVOTEST,141,141,949300,CM-8822,TECNOLAB,10408/20,2020-07-10,2022-06-30,ALMOXARIFADO
Medidor de Camada Tipo Pente- 10409-20,,NOVOTEST,134,134,N/C,AC-3000,TECNOLAB,2300715,2023-01-23,2025-01-12,ALMOXARIFADO
Medidor de Camada Tipo Pente- 10410-20,,NOVOTEST,135,135,N/C,AC-3000,LAFTEC,2415663,2024-06-18,2026-06-08,OBRA 118
Medidor de Camadas Digital,,Minipa,1810,1810,MCT00000016J,MCT-300,METRUS,D0688006-1019,2019-11-01,2021-10-21,ALMOXARIFADO
Medidor de Camadas Ferroso,,Instrutherm,1812,1812,467087,ME-240,LAFTEC,2211562,2022-05-30,2024-05-19,ALMOXARIFADO
Medidor de Camadas Ferroso,,TECNOMEDIÇÃO,MEC-002,MEC-002,1911-P150110,SMEC-II Plus,TECNOISO,2001199,2022-02-21,2023-02-21,ALMOXARIFADO
Medidor de Camadas Umida,,Precistec,1971,1971,6677,MED-1200,Precistec,0709/2020,2020-02-20,2022-02-09,ALMOXARIFADO
Medidor de Espessura de Camadas Umida,25 μm | 3000 μm,Medtec,1972,1972,6857,MED-3000,LAFTEC,2222642,2022-10-03,2024-09-22,ALMOXARIFADO
Medidor de Espessura de Película Seca,,,1811,1811,1911-P150110,SMEC-II Plus,LAFTEC,2415662,2024-06-18,2026-06-08,OBRA 118
Medidor de Espessura Digital,,NOVOTEST,136,136,927205,TM-8812,TECNOLAB,10411/20,2020-07-10,2022-06-30,ALMOXARIFADO
Medidor de Espessura Digital,,NOVOTEST,137,137,927269,TM-8812,TECNOLAB,10412/20,2020-07-10,2022-06-30,ALMOXARIFADO
Medidor de Espessura Digital,,NOVOTEST,138,138,909099,TM-8812,LAFTEC,2222015,2022-10-06,2024-09-25,ALMOXARIFADO
Medidor de Espessura Digital,,NOVOTEST,139,139,927263,TM-8812,TECNOLAB,10414/20,2020-07-10,2022-06-30,ALMOXARIFADO
Medidor de Espessura Digital,,NOVOTEST,2055,2055,N963363,TM-8812,LAFTEC,2415668,2024-06-19,2026-06-09,OBRA 118
Medidor de Espessura,,Tecnomedição,2194,2194,3713-P15012025,3713-P15012025,A & M PROD.SERV.,C2001/25,2025-01-14,2026-01-14,OBRA 118
Medidor de Espessura Ultrassônico,0.6 mm | 508 mm,GE,1933,1933,DM5EG1803456,DM5E,LAFTEC,2415669,2024-06-19,2025-06-19,OBRA 118
Medidor de pH e Condutividade,Desativado,Instrutemp,1929,1929,130810023,ITPH-3000,LAFTEC,Desativado,,,ALMOXARIFADO
Medidor Digital de Resistividade do Solo,,Instrum,1928,1928,IN816060-24418,TMD20KW,TECNICA CALIB.,1906616,2019-11-04,2021-10-24,ALMOXARIFADO
Megômetro,,Megabras,0007,7,MU3185H,MD-1035e,TÉCNICA CALIB.,2203247,2022-07-21,2024-07-10,ALMOXARIFADO
Megômetro,0 MOhm a 8000 Mohm,Minipa,953,953,MI2700000194,MI-2700,TÉCNICA CALIB.,2300535,2023-02-22,2025-02-11,ALMOXARIFADO
Megômetro,0 MOhm a 8000 Mohm,Minipa,958,958,MI2700000362,MI-2700,TÉCNICA CALIB.,2300536,2023-02-22,2025-02-11,ALMOXARIFADO
Megômetro,,Minipa,1116,1116,MI2700000204,MI-2700,LAFTEC,2224239,2022-10-19,2024-10-08,ALMOXARIFADO
Megômetro,,Megabras,1564,1564,OG3073H,MD-1035e,TÉCNICA CALIB.,2300533,2023-02-20,2025-02-09,ALMOXARIFADO
Megômetro,,Megabras,1819,1819,MO1206L,MD-1035e,TÉCNICA CALIB.,2300534,2023-02-20,2025-02-09,ALMOXARIFADO
Megômetro,,Megabras,1820,1820,MO8516J,MD-5060X,TÉCNICA CALIB.,2300532,2023-02-20,2025-02-09,ALMOXARIFADO
Micrômetro Intercambiável,300 mm | 400 mm,Digimess,317,317,181218545,110-223,LAFTEC,2506016,2025-02-27,2026-08-21,ALMOXARIFADO
Micrômetro Intercambiável,200 mm | 300 mm,Digimess,1835,1835,130730249,110-222,LAFTEC,2506015,2025-02-27,2026-08-21,OBRA 118
Micrômetro Externo,,Digimess,319,319,181230319,N/C,LAFTEC,2302059,2023-01-26,2024-07-19,ALMOXARIFADO
Micrômetro Externo,(AF-101011),Digimess,320,320,181058523,110-225,METRUS,D0688004-0122,2022-01-18,2023-07-12,ALMOXARIFADO
Micrômetro Externo,,Digimess,1837,1837,111058547,N/C,METRUS,D0688010-0620,2020-07-08,2021-12-30,ALMOXARIFADO
Micrômetro Externo,,Digimess,1918,1918,1700418480,3206-500,LAFTEC,2302058,2023-01-26,2024-07-19,ALMOXARIFADO
Micrômetro Externo,,Digimess,AF 101010,AF 101010,181230319,110224,METROLOGIA 9000,MTR2425-20,2020-07-13,2022-01-04,ALMOXARIFADO
Micrômetro Externo,,Digimess,AF 101012,AF 101012,181218545,110223,METROLOGIA 9000,MTR2424-20,2020-07-13,2022-01-04,ALMOXARIFADO
Micrômetro Externo,,Digimess,MEX-007,MEX-007,100571662,N/C,METRUS,D0688003-0719,2019-08-15,2021-02-05,ALMOXARIFADO
Multimetro Digital,,Minipa,1847,1847,N/C,ET-2231A,METRUS,E0688002-0122,2022-01-24,2023-07-18,ALMOXARIFADO
Multimetro Digital,,Fluke,1848,1848,N/C,85III,LAFTEC,2309343,2023-05-26,2024-11-16,ALMOXARIFADO
Multimetro Digital,,Fluke,1434,1434,87840176,87V,LAFTEC,2415649,2024-06-21,2025-12-13,OBRA 118
Nível de Bolha,,Stanley,105-17,105-17,N/C,42-886S,METRUS,D0688017-0720,2020-07-15,2022-07-05,ALMOXARIFADO
Nível de Bolha,,Stanley,105-18,105-18,N/C,42-886S,METRUS,D0688018-0720,2020-07-15,2022-07-05,ALMOXARIFADO
Nível de Bolha,,Stanley,105-19,105-19,N/C,42-886S,METRUS,D0688019-0720,2020-07-15,2022-07-05,ALMOXARIFADO
Nível de Bolha,,Stanley,105-20,105-20,N/C,42-886S,METRUS,D0688020-0720,2020-07-15,2022-07-05,ALMOXARIFADO
Nível de Bolha,,Stanley,105-21,105-21,N/C,42-886S,METRUS,D0688021-0720,2020-07-15,2022-07-05,ALMOXARIFADO
Nível de Bolha,,Stanley,105-22,105-22,N/C,42-886S,LAFTEC,2300721,2023-01-23,2025-01-12,ALMOXARIFADO
Nível de Bolha,,Stanley,105-23,105-23,N/C,42-886S,METRUS,D0688023-0720,2020-07-15,2022-07-05,ALMOXARIFADO
Nível de Bolha,,Stanley,105-24,105-24,N/C,42-886S,METRUS,D0688024-0720,2020-07-15,2022-07-05,ALMOXARIFADO
Nível de Bolha,,Stanley,NB-001,NB-001,N/C,42-886S,TECNICA CALIB.,2004428,2019-07-29,2021-07-18,ALMOXARIFADO
Nível de Bolha,,Stanley,NB-002,NB-002,N/C,42-886S,TECNICA CALIB.,2004429,2019-07-29,2021-07-18,ALMOXARIFADO
Nível de Bolha,,Stanley,NB-003,NB-003,N/C,42-886S,TECNICA CALIB.,2004430,2019-07-29,2021-07-18,ALMOXARIFADO
Nível de Bolha,,Stanley,NB-004,NB-004,N/C,42-886S,TECNICA CALIB.,2004431,2019-07-29,2021-07-29,ALMOXARIFADO
Nível de Bolha,,Starrett,NB-098-001,NB-098-001,N/C,LIS 14,METRUS,D0688001-0321,2021-03-19,2023-03-09,ALMOXARIFADO
Nível de Bolha,,Starrett,NB-098-002,NB-098-002,N/C,LTS 9,METRUS,D0688002-0321,2021-03-19,2023-03-09,ALMOXARIFADO
Nível de Bolha,,Starrett,NB-098-003,NB-098-003,N/C,LTS 9,METRUS,D0688003-0321,2021-03-19,2023-03-09,ALMOXARIFADO
Nível de Bolha,,Starrett,NB-098-004,NB-098-004,N/C,LTS 9,METRUS,D0688004-0321,2021-03-19,2023-03-09,ALMOXARIFADO
Nível de Bolha,,Stanley,NI-001,NI-001,N/C,42-886,METRUS,2001359,2022-01-12,2024-01-02,ALMOXARIFADO
Nível de Bolha,,Stanley,NI-032,NIV-032,N/C,MAC-7000,LAFTEC,2215135,2022-07-07,2024-06-26,ALMOXARIFADO
Nível de Bolha,,Stanley,NI-051,NI-051,N/C,42-886,LAFTEC,2215134,2022-07-07,2024-06-26,ALMOXARIFADO
Nível de Bolha,,Thompson,NI-156/A,NI-156/A,N/C,MAC-7012,THOMPSON,D0688013-0619,2019-06-07,2021-05-27,ALMOXARIFADO
Nível de Bolha,,Thompson,NI-157,NI-157,N/C,MAC-7000,METRUS,D0688020-0619,2019-06-07,2021-05-27,ALMOXARIFADO
Nível de Bolha,,Thompson,NI-158,NI-158,N/C,MAC-7000,METRUS,D0688013-1118,2018-11-13,2020-11-02,ALMOXARIFADO
Nível de Bolha,,Thompson,NI-159,NI-159,N/C,MAC-7012,METRUS,D0688014-1118,2018-11-13,2020-11-02,ALMOXARIFADO
Nível de Bolha,,Stanley,NI-280/A,NI-280/A,N/C,42-886,TECNICA CALIB.,2001360,2020-03-11,2022-03-01,ALMOXARIFADO
Nível de Bolha,,Thompson,NI-283/A,NI-283/A,N/C,MAC-7000,LAF METROLOGIA,1800637,2018-02-06,2020-01-27,ALMOXARIFADO
Nível de Bolha,,Stanley,NI-284,NI284,N/C,42-886S,LAFTEC,2307198,2023-03-22,2025-03-11,ALMOXARIFADO
Nível de Bolha,,Stanley,NI-285,NI285,N/C,42-886S,LAFTEC,2307199,2023-03-22,2025-03-11,ALMOXARIFADO
Nível de Bolha,,Stanley,NI-286,NI286,N/C,42-886S,LAFTEC,2307200,2023-03-22,2025-03-11,OBRA 118
Nível de Bolha,,Stanley,NI-287,NI287,N/C,42-886S,LAFTEC,2307201,2023-03-22,2025-03-11,OBRA 118
Nível de Bolha,,Stanley,NI-288,NI-288,N/C,42-886,LAFTEC,2311808,2023-05-11,2025-04-30,OBRA 118
Nível de Bolha,,Stanley,NI-289,NI-289,N/C,42-886,LAFTEC,2311807,2023-05-11,2025-04-30,ALMOXARIFADO
Nível de Bolha,,Stanley,NI-290,NI-290,N/C,42-886,LAFTEC,2311809,2023-05-11,2025-04-30,ALMOXARIFADO
Nível de Bolha,,Stanley,NI-291,NI-291,N/C,42-886,LAFTEC,2311810,2023-05-11,2025-04-30,ALMOXARIFADO
Nível de Bolha,,Stanley,NI-292,NI-292,N/C,42-886,LAFTEC,2311811,2023-05-11,2025-04-30,ALMOXARIFADO
Nível de Bolha,,Stanley,NI-293,NI-293,N/C,42-886,LAFTEC,2311812,2023-05-11,2025-04-30,OBRA 118
Nível de Bolha,,Stanley,NI-295,NI-295,N/C,42-887S,LAFTEC,2421251,2024-07-19,2026-07-09,ALMOXARIFADO
Nível de Bolha,,Stanley,NI-296,NI-296,N/C,42-887S,LAFTEC,2421252,2024-07-19,2026-07-09,ALMOXARIFADO
Nível de Bolha,,Stanley,NI-297,NI-297,N/C,42-887S,LAFTEC,2421253,2024-07-19,2026-07-09,ALMOXARIFADO
Nível de Bolha,,Stanley,NI-298,NI-298,N/C,42-887S,LAFTEC,2421254,2024-07-19,2026-07-09,ALMOXARIFADO
Nível de Bolha,,Stanley,NI-299,NI-299,N/C,42-886S,LAFTEC,2421255,2024-07-19,2026-07-09,ALMOXARIFADO
Nível de Bolha,,Stanley,NI-300,NI-300,N/C,42-886S,LAFTEC,2421256,2024-07-19,2026-07-09,ALMOXARIFADO
Nível de Bolha,,Stanley,NI-301,NI-301,N/C,42-886S,LAFTEC,2421257,2024-07-19,2026-07-09,ALMOXARIFADO
Nível de Bolha,,Stanley,NI-302,NI-302,N/C,42-886S,LAFTEC,2421258,2024-07-19,2026-07-09,ALMOXARIFADO
Nível de Bolha,,Stanley,NI-303,NI-303,N/C,42-886S,LAFTEC,2421259,2024-07-19,2026-07-09,ALMOXARIFADO
Nível de Bolha,,Stanley,NI-304,NI-304,N/C,42-886S,LAFTEC,2121260,2024-07-19,2026-07-09,ALMOXARIFADO
Nível de Bolha,,Stanley,NI-305,NI-305,N/C,42-886S,LAFTEC,2421261,2024-07-19,2026-07-09,ALMOXARIFADO
Nível de Bolha,,Stanley,NI-306,NI-306,N/C,42-886S,LAFTEC,2421262,2024-07-19,2026-07-09,ALMOXARIFADO
Nível de Bolha,,Stanley,NI-307,NI-307,N/C,42-886S,LAFTEC,2421263,2024-07-19,2026-07-09,ALMOXARIFADO
Nível de Bolha,,Stanley,NI-308,NI-308,N/C,42-886S,LAFTEC,2421264,2024-07-19,2026-07-09,ALMOXARIFADO
Nível de Bolha,,Stanley,NI-63,NIV-63,N/C,42-886S,LAFTEC,2218826,2022-09-01,2024-08-21,ALMOXARIFADO
Nível de Bolha,,Stanley,NI-64,NIV-64,N/C,42-886S,LAFTEC,2218827,2022-09-01,2024-08-21,ALMOXARIFADO
Nível de Bolha,,Stanley,NI-65,NIV-65,N/C,42-886S,LAFTEC,2215137,2022-07-07,2024-06-26,ALMOXARIFADO
Nível de Bolha,,Stanley,NI-66,NIV-66,N/C,42-886S,LAFTEC,2415676,2024-06-14,2026-06-04,OBRA 118
Nível de Bolha,,Stanley,NI-67,NIV-67,N/C,42-886S,LAFTEC,2215139,2022-07-07,2024-06-26,ALMOXARIFADO
Nível de Bolha,,Stanley,NI-68,NIV-68,N/C,42-886S,METRUS,D0688006-0821,2021-08-09,2023-07-30,ALMOXARIFADO
Nível de Bolha,,Stanley,NI-69,NIV-69,N/C,42-886S,METRUS,D0688007-0821,2021-08-09,2023-07-30,ALMOXARIFADO
Nível de Bolha,,Stanley,NI-70,NIV-70,N/C,42-886S,METRUS,D0688008-0821,2021-08-09,2023-07-30,ALMOXARIFADO
Nível de Bolha,,Stanley,NI-71,NIV-71,N/C,42-886S,LAFTEC,2415677,2024-06-14,2026-06-04,OBRA 118
Nível de Bolha,,Stanley,NI-72,NIV-72,N/C,42-886S,LAFTEC,2218828,2022-09-01,2024-08-21,ALMOXARIFADO
Nível de Bolha,,Stanley,NI-94,NI-94,N/C,42-886,METRUS,D0688019-0619,2019-06-07,2021-05-27,ALMOXARIFADO
Nível de Bolha,,Thompson,NIV-001,NIV-001,N/C,MAC-7000,METRUS,D0688017-0619,2019-06-07,2021-05-27,ALMOXARIFADO
Nível de Bolha,,Thompson,NIV-006,NIV-006,N/C,N/C,METRUS,D0688002-0618,2018-06-08,2020-05-28,ALMOXARIFADO
Nível de Bolha,,Stanley,NIV-173/A,NIV-173/A,N/C,42-886,METRUS,D0688015-0619,2019-06-07,2021-05-27,ALMOXARIFADO
Nível de Bolha,,Thompson,NIV-31,NIV-31,N/C,MAC-7012,METRUS,D0688014-0619,2019-06-07,2021-05-27,ALMOXARIFADO
Nível de Bolha,,Thompson,NIV-43,NIV-43,N/C,42-886,METRUS,D0688015-1118,2018-11-13,2020-11-02,ALMOXARIFADO
Nível de Bolha,,Vonder,NIV-48,NIV-48,N/C,NM120,METRUS,D0688011-0619,2019-06-07,2021-05-27,ALMOXARIFADO
Nível de Bolha,,Stanley,NIV-53,NIV-53,N/C,N/C,METRUS,D0688018-0619,2019-06-07,2021-05-27,ALMOXARIFADO
Nível de Bolha,,Stanley,NIV-56,NIV-56,N/C,42-886,LAF METROLOGIA,1800636,2018-02-06,2020-01-27,ALMOXARIFADO
Nível de Bolha,,Stanley,NIV-61,NIV-61,N/C,42-886,METRUS,D0688016-0619,2019-06-07,2021-05-27,ALMOXARIFADO
Nível de Bolha,,Stanley,NIV-63,NIV-63,N/C,42-886,METRUS,D0688003-0618,2018-06-08,2020-05-28,ALMOXARIFADO
Nível Goniométrico Digital (inclinometro digital),,Bosch,1777,1777,3010000577,GIM60L,LAFTEC,2506011,2025-02-28,2027-02-18,ALMOXARIFADO
Nível Goniométrico Digital (inclinometro digital),,Bosch,1863,1863,308000000,GIM602,LAFTEC,2415675,2024-06-18,2026-06-08,OBRA 118
Nível Goniométrico Digital (inclinometro digital),0 ° | 90 °,Bosch,1864,1864,308001262,GIM 60 L,LAFTEC,2506012,2025-02-28,2027-02-18,OBRA 118
Nível Goniométrico Digital (inclinometro digital),0 º | 180 º,Bosch,ESQN-001,ESQN-001,601096603,DWM 40L,LAFTEC,2506010,2025-02-28,2027-02-18,OBRA 121
Nível Goniométrico Digital (inclinometro digital),,Digimess,ESQN-002,ESQN-002,2310000110,272-300,LAFTEC,2423156,2024-07-25,2026-07-15,OBRA 118
Nível Ótico,,Kolida,1953,1953,1094754,KL32,METRUS,D0688001-0124,2024-01-17,2026-01-06,ALMOXARIFADO
Oxímetro Digital (Purge Monitor),Locado,N/C,348,348,348,772 Purge Monitor,INTERCON,180801-2,2023-06-16,2024-06-15,ALMOXARIFADO
Paquimetro,Marcelo Ricci (NTS_N2),DIGIMESS,CWI-PAQ-001,CWI-PAQ-001,n/c,100.001a,INSTRUCALL,0877/22,2022-06-01,2024-05-21,ALMOXARIFADO
Paquimetro,,Mitutoyo,PAQ-011,PAQ-011,BG076780,530-114B-10,LAFTEC,2428325,2024-09-05,2026-08-26,OBRA 118
Paquimetro,,Mitutoyo,PAQ-012,PAQ-012,8808922,530-114B-10,LAFTEC,2433433,2024-10-18,2026-10-08,OBRA 118
Paquimetro (Calibrador) de Profundidade Digital,,Digital Tread Depth Gauge,PS-038,PS-038,N/C,DIGITAL,TECNOISO,14101220221,2022-02-21,2024-02-11,ALMOXARIFADO
Paquimetro de Profundidade Digital,,Digimess,P-001,P-001,N/C,DIGITAL,TECNOISO,14103220221,2022-02-21,2023-02-21,OBRA 118
Paquimetro de Profundidade Digital,,Digimess,P-01,N/C,N/C,N/C,METRUS,D0688008-0122,2022-01-24,2024-01-14,ALMOXARIFADO
Paquimetro de Profundidade Digital,,Digimess,PNT-002,PNT-002,NC,100-200L,LAFTEC,2415659,2024-06-14,2026-06-04,OBRA 118
Paquimetro Quadrimensional,,Mitutoyo,PAQ-009,PAQ-009,80367703,530-115,LAFTEC,2305349,2023-03-10,2025-02-27,OBRA 118
Paquimetro Quadrimensional,,Mitutoyo,PS-037,PS-037,BG076406,N/C,METRUS,D0688009-0122,2022-01-24,2024-01-14,ALMOXARIFADO
Paquimetro Universal Quadrimensional,,Starrett,799 (13/4007),799 (13/4007),13/400077,799A-6/150,LAFTEC,2415697,2024-06-14,2026-06-04,OBRA 118
Paquimetro Universal Quadrimensional,,Mitutoyo,PAQ-002,PAQ-002,J7066014,N/C,Metrus,D0688001-0122,2022-01-12,2024-01-02,ALMOXARIFADO
Pastilha Sensora,,Metal Check,1081,1081,N1598-1081,N/C,METRUS,D0688001-0123,2023-01-30,,OBRA 118
Pastilha Sensora,,Metal Check,1105,1105,N-1598-1105,N/C,METRUS,D0688004-0620,2020-06-30,,ALMOXARIFADO
Pastilha Sensora,,Metal Check,1122,1122,N-1598-1122,N/C,METRUS,D0688005-0620,2020-06-30,,ALMOXARIFADO
Pastilha Sensora,(Particula Magnetica),Serv-End,3185,3185,3185,ABNT-NBR NM 342,Serv-End,7349/22,2022-10-10,,OBRA 118
Pastilha Sensora,,Metal Check,N1658,N1658,N/C,NM-342,METRUS,D0688003-1019,2019-11-04,,OBRA 118
Peso Padrão,,n/c,CP-1040,CP-1040,N/C,N/C,LAFTEC,1713886,2017-08-28,2020-08-12,ALMOXARIFADO
"""Peso Padrão 5","5KG""",(Particula Magnetica),Serv-End,3218,3218,3218,SEP-006,Serv-End,,2020-10-10,25/9/2023,ALMOXARIFADO
Pull-Off,,Pavimétrica,76,76,15546,Manual Digital,MSMI,P2894/25,2025-06-23,2027-06-13,OBRA 118
Régua de Aço,,Stanley,ES-001,ES-001,N/C,N/C,BaliTek,N1582/2019,2019-05-10,2022-04-24,ALMOXARIFADO
Régua Graduada,,Brasfort,ES-006,ES-006,N/C,N/C,METRUS,D0688023-0619,2019-06-07,2022-05-22,ALMOXARIFADO
Régua Graduada,,N/C,ES-011,ES-011,N/C,N/C,METRUS,D0688022-0619,2019-06-07,2022-05-22,ALMOXARIFADO
Régua Graduada,,N/C,ES-040,ES-040,N/C,N/C,TECNICA CALIB.,2001364,2020-03-11,2023-02-24,ALMOXARIFADO
Régua Graduada,,Brasfort,RG-001,RG-001,N/C,N/C,TECNICA CALIB.,2001363,2020-03-11,2023-02-24,ALMOXARIFADO
Régua Graduada,,Vonder,RG-010,RG-010,N/C,N/C,METRUS,2316107,2023-06-24,2026-06-08,OBRA 118
Régua Graduada,,Vonder,RG-011,RG-011,N/C,N/C,METRUS,D0688004-0621,2021-06-11,2024-05-26,ALMOXARIFADO
Régua Graduada,,Vonder,RG-012,RG-012,N/C,N/C,METRUS,D0688005-0621,2021-06-11,2024-05-26,ALMOXARIFADO
Regulador de Pressão - Lança Chamas,,Record,RP-01,RP-01,N/C,N/C,METRUS,P0688001-0322,2022-03-28,2024-03-17,ALMOXARIFADO
Regulador de Pressão - Lança Chamas,,Record,RP-02,RP-02,N/C,N/C,METRUS,P0688002-0322,2022-03-28,2024-03-17,ALMOXARIFADO
Relógio Comparador,,Mainard,187,187,80026,N/C,LAFTEC,2415698,2024-06-17,2026-06-07,OBRA 118
Relógio Comparador,,Mainard,188,188,80359,N/C,LAFTEC,2300725,2023-01-23,2025-01-12,OBRA 118
Relógio Comparador,,Mainard,AF 101028,AF 101028,80124,N/C,METROLOGIA 9001,MTR2410-20,2020-07-14,2022-07-04,ALMOXARIFADO
Rugosímetro,,MedTec,1965,1965,9126069,MED-321A,LAFTEC,2415664,2024-06-17,2026-06-07,OBRA 118
Rugosímetro,,MedTec,2019,2019,4101936,MED-321A,LAFTEC,2415667,2024-06-17,2026-06-07,OBRA 118
Rugosímetro,,MedTec,2049,2049,4522266,MED-321A,LAFTEC,2415665,2024-06-17,2026-06-07,OBRA 118
Rugosímetro com Relógio,,TECNO,68,68,6503706,N/C,LAFTEC,2415666,2024-06-17,2026-06-07,OBRA 118
Rugosímetro com Relógio,,MedTec,1951,1951,8500782,N/C,METRUS,D0688002-0620,2020-07-06,2022-06-26,ALMOXARIFADO
Rugosímetro com Relógio,,Novotest,AF 101040,AF 101040,8929754,N/C,METROLOGIA 9000,MTR2423-20,2020-07-14,2022-07-04,ALMOXARIFADO
Termo Resistência,AF SERV. IND.,N/C,TE/TT-01AF,TE/TT-01AF,N/C,N/C,AF SERV.IND.,0507/24,2024-09-04,2025-09-04,OBRA 118
Termohigrometro Digital,,Minipa,32,32,2298952,MT-241A,LAFTEC,2433434,2024-11-18,2026-11-08,ALMOXARIFADO
Termohigrometro Digital,,Minipa,33,33,2057279,MT-241A,METRUS,E0688009-0821,2021-08-10,2023-07-31,ALMOXARIFADO
Termohigrometro Digital,,Minipa,34,34,2298957,MT-241A,LAFTEC,2415661,2024-06-14,2026-06-04,OBRA 118
Termohigrometro Digital,,Minipa,35,35,2298948,MT-241A,METRUS,E0688011-0821,2021-08-10,2023-07-31,ALMOXARIFADO
Termohigrometro Digital,,Minipa,36,36,2298954,MT-241A,LAFTEC,2415660,2024-11-18,2026-11-08,OBRA 118
Termohigrometro Digital,,Minipa,37,37,2298956,MT-241A,METRUS,E0688013-0821,2021-08-10,2023-07-31,ALMOXARIFADO
Termohigrometro Digital,,Minipa,38,38,2298947,MT-241A,METRUS,E0688014-0822,2021-08-10,2023-07-31,ALMOXARIFADO
Termohigrometro Digital,,NOVOTEST,131,131,H12A-C52388,PM6508,LAFTEC,2300717,2023-01-24,2025-01-13,ALMOXARIFADO
Termohigrometro Digital,,NOVOTEST,132,132,H12A-C52392,PM6508,LAFTEC,2300716,2023-01-24,2025-01-13,ALMOXARIFADO
Termohigrometro Digital,,NOVOTEST,133,133,H12A-C52310,PM6508,TECNOLAB,10417/20,2020-07-10,2022-06-30,ALMOXARIFADO
Termohigrometro Digital,,Minipa,746,746,N/C,MT-242,METRUS,E0688001-1220,2020-12-14,2022-12-04,ALMOXARIFADO
Termohigrometro Digital,,Minipa,1771,1771,T000400003268,MT-242,METRUS,E0688001-0718,2018-07-20,2020-07-09,ALMOXARIFADO
Termohigrometro Digital,,Minipa,1772,1772,N/C,MT-242,METRUS,E0688002-1019,2019-10-29,2021-10-18,ALMOXARIFADO
Termohigrometro Digital,,Minipa,1814,1814,MTB241003986,MT-241,LAFTEC,2305358,2023-03-07,2025-02-24,ALMOXARIFADO
Termohigrometro Digital,,Minipa,1815,1815,N/C,MT-241,LAFTEC,2300718,2023-01-24,2025-01-13,ALMOXARIFADO
Termohigrometro Digital,,Minipa,1816,1816,N/C,MT-241,TECNICA CALIB.,2004659,2020-08-14,2022-08-04,ALMOXARIFADO
Termohigrometro Digital,,Minipa,2108,2108,3187359,MT-241,LAFTEC,2307188,2023-03-23,2025-03-12,ALMOXARIFADO
Termohigrometro Digital,,Minipa,2109,2109,3187361,MT-241,LAFTEC,2517766,2025-06-04,2027-05-25,OBRA 121
Termohigrometro Digital,,Minipa,2110,2110,3187362,MT-241,LAFTEC,2307190,2023-03-22,2025-03-11,ALMOXARIFADO
Termohigrometro Digital,,Minipa,2111,2111,3187358,MT-241,LAFTEC,2307191,2023-03-25,2025-03-14,OBRA 118
Termohigrometro Digital,,Minipa,2112,2112,3187364,MT-241,LAFTEC,2307192,2023-03-26,2025-03-15,ALMOXARIFADO
Termometro Bimetálico,,Instemac,TB-001,TB-001,N/C,N/C,METRUS,E0688001-0619,2019-06-04,2020-06-03,ALMOXARIFADO
Termometro Bimetálico,,N/C,TR-003,TR-003,N/C,N/C,LAFTEC,2517765,2025-06-04,2026-06-04,OBRA 121
Termometro Bimetálico,,N/C,TB-004,TB-004,N/C,N/C,METRUS,E0688008-0421,2021-04-12,2022-04-12,ALMOXARIFADO
Termometro Bimetálico,,Instemaq,TEB-001,TEB-001,N/C,N/C,METRUS,E-0688001-0321,2021-03-25,2022-03-25,ALMOXARIFADO
Termometro Digital,,GULTON,131423,131423,131423,GULTERM-1005,CENTRAL BRASIL,7472.20,2020-12-14,2022-06-07,ALMOXARIFADO
Termometro Digital,,n/c,TM-36,TM-36,N/C,N/C,AFERITEC,36290-109,2019-07-11,2021-01-01,ALMOXARIFADO
Termômetro Infravermelho digital,Locado,N/C,TI-6083,TI-6083,N/C,-50 a 400,MOURA,25326-15,2025-03-03,2026-08-25,OBRA 118
Termometro Infravermelho,,Minipa,21,21,2365127,MT-320B,METRUS,E0688001-0921,2021-09-22,2023-09-12,ALMOXARIFADO
Termometro Infravermelho,verificar com almoxarifado,Minipa,22,22,2365115,MT-320B,METRUS,E0688016-0821,2021-08-25,2023-08-15,ALMOXARIFADO
Termometro Infravermelho,verificar com almoxarifado,Minipa,23,23,2365116,MT-320B,METRUS,E0688017-0821,2021-08-25,2023-08-15,ALMOXARIFADO
Termometro Infravermelho,,Minipa,26,26,2366543,MT-320B,METRUS,E0688001-0821,2021-08-10,2023-07-31,ALMOXARIFADO
Termometro Infravermelho,,Minipa,27,27,2366512,MT-320B,METRUS,E0688002-0821,2021-08-10,2023-07-31,ALMOXARIFADO
Termometro Infravermelho,,Minipa,28,28,2366542,MT-320B,METRUS,E0688003-0821,2021-08-10,2023-07-31,ALMOXARIFADO
Termometro Infravermelho,,Minipa,29,29,2366519,MT-320B,METRUS,E0688004-0821,2021-08-10,2023-07-31,ALMOXARIFADO
Termometro Infravermelho,,Minipa,142,142,1867412,MT-320B,TECNICA CALIB.,2004565,2020-08-13,2022-08-03,ALMOXARIFADO
Termometro Infravermelho,,Minipa,143,143,1867407,MT-320B,LAFTEC,2305352,2023-03-07,2025-02-24,ALMOXARIFADO
Termometro Infravermelho,,Minipa,144,144,1867437,MT-320B,LAFTEC,2300719,2023-01-25,2025-01-14,ALMOXARIFADO
Termometro Infravermelho,,Fluke,170,170,N/C,59 Max,LAFTEC,2217128,2022-08-04,2024-07-24,ALMOXARIFADO
Termometro Infravermelho,,Gulterm,171,171,131423,1005 - tipo K,LAFTEC,2217133,2022-08-04,2024-07-24,ALMOXARIFADO
Termometro Infravermelho,,B-Max,192,192,N/C,N/C,METRUS,E0688001-0421,2021-04-05,2023-03-26,ALMOXARIFADO
Termometro Infravermelho,,B-Max,193,193,N/C,N/C,METRUS,E0688006-0821,2021-08-10,2023-07-31,ALMOXARIFADO
Termometro Infravermelho,,B-Max,194,194,N/C,N/C,LAFTEC,2415671,2024-06-21,2026-06-11,OBRA 118
Termometro Infravermelho,,Stanley,198,198,N/C,STHT77365,METRUS,E0688003-0421,2021-04-05,2023-03-26,ALMOXARIFADO
Termometro Infravermelho,,Fluke,592,592,9568-0669,68-IS,LAFTEC,2415672,2024-06-21,2026-06-11,OBRA 118
Termometro Infravermelho,,Fluke,1920,1920,N/C,N/C,METRUS,E0688003-1019,2019-10-29,2021-10-18,ALMOXARIFADO
Termometro Infravermelho,,Minipa,2103,2103,3283495,MT-320B,Laboratório Medição Natal,C109752/25,2025-04-16,2027-04-06,OBRA 118
Termometro Infravermelho,,Minipa,2104,2104,3283649,MT-320B,Laboratório Medição Natal,C109780/25,2025-04-16,2027-04-06,OBRA 118
Termometro Infravermelho,,Minipa,2105,2105,3283502,MT-320B,Laftec Calibração,2433435,2024-10-18,2026-10-08,OBRA 118
Termometro Infravermelho,,Minipa,2106,2106,3283654,MT-320B,Laftec Calibração,2516660,2025-06-02,2027-05-23,OBRA 121
Termometro Infravermelho,,Minipa,2107,2107,3283652,MT-320B,Laftec Calibração,2307187,2023-03-22,2025-03-11,ALMOXARIFADO
Termometro Infravermelho,,N/C,AF100735,AF100735,N/C,N/C,METROLOGIA 9000,MTR2419-20,2020-07-13,2022-07-03,ALMOXARIFADO
Termometro Infravermelho,,B-Max,AF100987,AF100987,N/C,GM-300,METROLOGIA 9000,MTR2422-20,2020-07-13,2022-07-03,ALMOXARIFADO
Termometro Infravermelho,,B-Max,AF100989,AF100989,N/C,GM-300,METROLOGIA 9000,MTR2420-20,2020-07-13,2022-07-03,ALMOXARIFADO
Termometro Infravermelho,,Minipa,TER/IF-001,TER/IF-001,N/C,MT-350,METRUS,E0688003-0619,2019-06-04,2021-05-24,ALMOXARIFADO
Transmissor de Pressão,0 a 100°C,Globo Resistências,TI-001,,,N/C,TÉCNICA CALIB.,2500160,2025-01-16,2027-01-06,OBRA 118
Termometro Laser,Inspetor,Minipa,AMI-0029,MT-350,,,Medição Contagem,205306/20,2020-10-23,2022-10-13,ALMOXARIFADO
Terrômetro Digital,,Minipa,1339,1339,MT-1520008134,MTR-1520D,TÉCNICA CALIB.,2425228,2024-08-24,2025-08-24,OBRA 118
Torqueaderia Elétrica,,Raid Torque Systems,2180,2180,V15298,V-RAD SELECT 2000M,Raid Torque Systems,24-05195,2024-07-30,2025-07-30,OBRA 118
Torquimetro,,Tramontina,1778,1778,94962-11-00514,45506/400,METRUS,2302084,2023-02-10,2025-01-30,ALMOXARIFADO
Torquimetro,,Gedore,7188,7188,P003738,Dremo Meter,TÉCNICA CALIB.,1901658,2019-03-18,2021-03-07,ALMOXARIFADO
Torquimetro de Estalo,,Gedore,815,815,C012688,TorcoFlex-K,LAFTEC,2217131,2022-08-04,2024-07-24,ALMOXARIFADO
Torquimetro de Estalo,Torquimetro de Estalo,Torquimetro de Estalo,1539,1539,3426,100400,METRUS,T0688002-0920,2020-09-09,2022-08-30,ALMOXARIFADO
Torquimetro de Estalo,,Tramontina,1805,1805,G011062,N/C,LAFTEC,2316108,2023-07-18,2025-07-07,OBRA 118
Torquimetro de Estalo,200-1000 N.m. (5 N.m),Tramontina,2183,2183,44509/403,N/C,CIPED,81729,2023-12-20,2025-12-09,OBRA 118
Torquimetro de Estalo,700-2000 N.m. (13 N.m.),Tramontina,2184,2184,44506/502,N/C,CIPED,81328,2024-01-19,2026-01-08,OBRA 118
Transutor de Pressão,0 a 250 kgf/cm2,Novus,PT-001,PT-001,PT-001,PT-001,TÉCNICA CALIB.,2500162,2025-01-17,2027-01-07,OBRA 118
Transutor de Pressão,BOING (Verificar a validade),Yokogawa,464331,N/C,B12100662,EJA530E,WIKA,LMP464381/25,2025-01-14,2027-01-04,OBRA 118
Transferidor de Grau,,Hol,GO-002,GO-002,N/C,N/C,METRUS,D0688031-0619,2019-06-10,2021-05-30,ALMOXARIFADO
Transferidor de Grau,,Lotus Plus,TG-001,TG-001,N/C,N/C,LAFTEC,2415695,2024-06-14,2026-06-04,OBRA 118
Transmissor de Pressão,AF. SERV. IND.,Danfloss,PT-001AF,PT-001AF,51903454262,MBS1750,AF SERV.IND.,0505/24,2024-09-04,2025-09-04,OBRA 118
Transmissor de Pressão,0 a 1000 bar,PressGage,TECP-001,,,4602-24,AFERITEC METROLOG.,59289-204,2024-07-30,2026-07-20,OBRA 118
Transmissor de Pressão,0 a 100°C,Globo Resistências,TI-002,,,N/C,TÉCNICA CALIB.,2500161,2025-01-16,2027-01-06,OBRA 118
Trena,5000 mm,Starrett,105-1,105-1,N/C,TS34-5ME,METRUS,D0688001-0920,2020-09-10,2022-08-31,ALMOXARIFADO
Trena,5000 mm,Starrett,105-10,105-10,N/C,TS34-5ME,METRUS,D0688010-0720,2020-07-15,2022-07-05,ALMOXARIFADO
Trena,5000 mm,Starrett,105-11,105-11,N/C,TS34-5ME,METRUS,D0688011-0720,2020-07-15,2022-07-05,ALMOXARIFADO
Trena,5000 mm,Starrett,105-12,105-12,N/C,TS34-5ME,METRUS,D0688012-0720,2020-07-15,2022-07-05,ALMOXARIFADO
Trena,5000 mm,Starrett,105-13,105-13,N/C,TS34-5ME,METRUS,D0688013-0720,2020-07-15,2022-07-05,ALMOXARIFADO
Trena,5000 mm,Starrett,105-14,105-14,N/C,TS34-5ME,METRUS,D0688014-0720,2020-07-15,2022-07-05,ALMOXARIFADO
Trena,5000 mm,Starrett,105-15,105-15,N/C,TS34-5ME,METRUS,D0688015-0720,2020-07-15,2022-07-05,ALMOXARIFADO
Trena,5000 mm,Starrett,105-16,105-16,N/C,TS34-5ME,METRUS,D0688016-0720,2020-07-15,2022-07-05,ALMOXARIFADO
Trena,20000 mm,mm,105-2,105-2,N/C,ST20CML,METRUS,D0688002-0920,2020-09-10,2022-08-31,ALMOXARIFADO
Trena,5000 mm,Lufkin,105-3,105-3,N/C,Y1750CM,METRUS,D0688003-0920,2020-09-10,2022-08-31,ALMOXARIFADO
Trena,20000 mm,Lufkin,105-4,105-4,N/C,Y1720CM,METRUS,D0688004-0720,2020-07-15,2022-07-05,ALMOXARIFADO
Trena,20000 mm,Lufkin,105-5,105-5,N/C,Y1720CM,METRUS,D0688005-0720,2021-07-15,2023-07-05,ALMOXARIFADO
Trena,20000 mm,Lufkin,105-6,105-6,N/C,Y1720CM,METRUS,D0688006-0720,2020-07-15,2022-07-05,ALMOXARIFADO
Trena,20000 mm,Lufkin,105-7,105-7,N/C,Y1720CM,METRUS,D0688007-0720,2020-07-15,2022-07-05,ALMOXARIFADO
Trena,20000 mm,Lufkin,105-8,105-8,N/C,Y1720CM,METRUS,D0688008-0720,2020-07-15,2022-07-05,ALMOXARIFADO
Trena,5000 mm,Starrett,105-9,105-9,N/C,TS34-5ME,METRUS,D0688009-0720,2020-07-15,2022-07-05,ALMOXARIFADO
Trena,30000 mm,Lufkin,TR-411,TR-411,N/C,ST30CML,METRUS,D0688009-0621,2021-06-11,2023-06-01,ALMOXARIFADO
Trena,30000 mm,Lufkin,TR-414,TR-414,N/C,ST30CML,LAFTEC,2212875,2022-06-08,2024-05-28,ALMOXARIFADO
Trena,5000 mm,Lufkin,TR-414/1,TR-414/1,N/C,L516CMES,LAFTEC,2215140,2022-07-07,2024-06-26,ALMOXARIFADO
Trena,30000 mm,Lufkin,TR-415,TR-415,N/C,ST30CML,LAFTEC,2212876,2022-06-08,2024-05-28,ALMOXARIFADO
Trena,5000 mm,Lufkin,TR-418,TR-418,N/C,L516CMES,LAFTEC,2215144,2022-07-07,2024-06-26,ALMOXARIFADO
Trena,20000 mm,Lufkin,TR-420,TR-420,N/C,Y1720CM,LAFTEC,2215146,2022-07-07,2024-06-26,ALMOXARIFADO
Trena,20000 mm,Lufkin,TR-421,TR-421,N/C,Y1720CM,LAFTEC,2215147,2022-07-07,2024-06-26,ALMOXARIFADO
Trena,20000 mm,Lufkin,TR-422,TR-422,N/C,Y1720CM,LAFTEC,2215148,2022-07-07,2024-06-26,ALMOXARIFADO
Trena,20000 mm,Lufkin,TR-423,TR-423,N/C,Y1720CM,LAFTEC,2215149,2022-07-07,2024-06-26,ALMOXARIFADO
Trena,20000 mm,Lufkin,TR-424,TR-424,N/C,Y1720CM,LAFTEC,2215150,2022-07-07,2024-06-26,ALMOXARIFADO
Trena,20000 mm,Lufkin,TR-425,TR-425,N/C,Y1720CM,LAFTEC,2215151,2022-07-07,2024-06-26,ALMOXARIFADO
Trena,8000 mm,Lufkin,TRE-003,TRE-003,N/C,L525CMES,LAFTEC,2217125,2022-08-04,2024-07-24,ALMOXARIFADO
Trena,5000 mm,Starrett,TRE-005,TRE-005,N/C,TS34-5ME,TECNICA CALIB.,2004432,2020-07-29,2022-07-19,ALMOXARIFADO
Trena,5000 mm,Starrett,TRE-006,TRE-006,N/C,TS34-5ME,TECNICA CALIB.,2004433,2020-07-29,2022-07-19,ALMOXARIFADO
Trena,5000 mm,Starrett,TRE-007,TRE-007,N/C,TS34-5ME,TECNICA CALIB.,2004434,2020-07-29,2022-07-19,ALMOXARIFADO
Trena,5000 mm,Starrett,TRE-008,TRE-008,N/C,TS34-5ME,TECNICA CALIB.,2004435,2020-07-29,2022-07-19,ALMOXARIFADO
Trena,20000 mm,Lufkin,TRE-009,TRE-009,N/C,Y1720CM,TECNICA CALIB.,2004436,2020-07-29,2022-07-19,ALMOXARIFADO
Trena,20000 mm,Lufkin,TRE-010,TRE-010,N/C,Y1720CM,TECNICA CALIB.,2004437,2020-07-29,2022-07-19,ALMOXARIFADO
Trena,20000 mm,Lufkin,TRE-011,TRE-011,N/C,Y1720CM,TECNICA CALIB.,2004438,2020-07-29,2022-07-19,ALMOXARIFADO
Trena,20000 mm,Lufkin,TRE-012,TRE-012,N/C,Y1720CM,LAFTEC,2300720,2023-01-23,2025-01-12,OBRA 119
Trena,5000 mm,Starrett,TRE-013,TRE-013,N/C,TS34-5ME,METRUS,D0688001-0521,2021-05-19,2023-05-09,ALMOXARIFADO
Trena,5000 mm,Starrett,TRE-014,TRE-014,N/C,TS34-5ME,METRUS,D0688002-0521,2021-05-19,2023-05-09,ALMOXARIFADO
Trena,5000 mm,Starrett,TRE-015,TRE-015,N/C,TS34-5ME,METRUS,D0688003-0521,2021-05-19,2023-05-09,ALMOXARIFADO
Trena,5000 mm,Starrett,TRE-016,TRE-016,N/C,TS34-5ME,METRUS,D0688004-0521,2021-05-19,2023-05-09,ALMOXARIFADO
Trena,1000 mm,Lufkin,TRE-098-003,TRE-098-003,N/C,L525CMES,LAFTEC,2212874,2022-06-13,2024-06-02,ALMOXARIFADO
Trena,8000 mm,Irwin,TR-005,TR-005,N/C,13948,LAF METROLOGIA,1800630,2018-02-06,2020-01-27,ALMOXARIFADO
Trena,5000 mm,Lufkin,TR-095,TR-095,N/C,L516CME,LAF METROLOGIA,1800625,2018-02-07,2020-01-28,ALMOXARIFADO
Trena,5000 mm,Lufkin,TR-096,TR-096,N/C,L516CME,LAF METROLOGIA,1800626,2018-02-06,2020-01-27,ALMOXARIFADO
Trena,5000 mm,Lufkin,TR-097,TR-097,N/C,L516CME,LAF METROLOGIA,1800627,2018-02-06,2020-01-27,ALMOXARIFADO
Trena,5000 mm,Lufkin,TR-099,TR-099,N/C,L516CME,METRUS,D0688005-1118,2018-11-13,2020-11-02,ALMOXARIFADO
Trena,5000 mm,Lufkin,TR-394,TR-394,N/C,L516CME,METRUS,D0688004-1118,2018-11-13,2020-11-02,ALMOXARIFADO
Trena,5000 mm,Starrett,TR-395,TR-395,N/C,TX34-5M,METRUS,D0688001-1118,2018-11-13,2020-11-02,ALMOXARIFADO
Trena,5000 mm,Irwin,TR-396,TR-396,N/C,13947,METRUS,D0688002-1118,2018-11-13,2020-11-02,ALMOXARIFADO
Trena,5000 mm,Lufkin,TR-397,TR-397,N/C,L516CME,METRUS,D0688003-1118,2018-11-13,2020-11-02,ALMOXARIFADO
Trena,5000 mm,Lufkin,TR-398,TR-398,N/C,L516CME,METRUS,D0688006-1118,2018-11-13,2020-11-02,ALMOXARIFADO
Trena,5000 mm,Lufkin,TR-399,TR-399,N/C,L516CMES,METRUS,D0688001-0619,2019-06-07,2021-05-27,ALMOXARIFADO
Trena,5000 mm,Lufkin,TR-402,TR-402,N/C,L516CME,METRUS,D0688004-0619,2019-06-07,2021-05-27,ALMOXARIFADO
Trena,5000 mm,Lufkin,TR-403,TR-403,N/C,N/C,METRUS,D0688005-0619,2019-06-07,2021-05-27,ALMOXARIFADO
Trena,5000 mm,Lufkin,TR-404,TR-404,N/C,L516CME,METRUS,D0688006-0619,2019-06-07,2021-05-27,ALMOXARIFADO
Trena,5000 mm,Lufkin,TR-405,TR-405,N/C,N/C,METRUS,D0688007-0619,2019-06-07,2021-05-27,ALMOXARIFADO
Trena,5000 mm,Lufkin,TR-406,TR-406,N/C,N/C,METRUS,D0688008-0619,2019-06-07,2021-05-27,ALMOXARIFADO
Trena,5000 mm,Lufkin,TR-407,TR-407,N/C,L516CMES,METRUS,D0688009-0619,2019-06-07,2021-05-27,ALMOXARIFADO
Trena,5000 mm,Lufkin,TR-408,TR-408,N/C,N/C,METRUS,D0688010-0620,2019-06-07,2021-05-27,ALMOXARIFADO
Trena,5000 mm,MTX,TR-410,TR-410,N/C,3100555,METRUS,D0688005-0719,2019-08-15,2021-08-04,ALMOXARIFADO
Trena,8000 mm,Starrett,TR-412,TR-412,N/C,TS1-8ME,LAFTEC,2224241,2022-10-24,2024-10-13,ALMOXARIFADO
Trena,8000 mm,Starrett,TR-413,TR-413,N/C,TS1-8ME,METRUS,D0688011-0621,2021-06-21,2023-06-11,ALMOXARIFADO
Trena,5000 mm,Lufkin,TR-415/1,TR-415/1,N/C,L516CMES,LAFTEC,2215141,2022-07-07,2024-06-26,ALMOXARIFADO
Trena,5000 mm,Lufkin,TR-416,TR-416,N/C,L516CMES,LAFTEC,2215142,2022-07-07,2024-06-26,ALMOXARIFADO
Trena,5000 mm,Lufkin,TR-417,TR-417,N/C,L516CMES,LAFTEC,2215143,2022-07-07,2024-06-26,ALMOXARIFADO
Trena,5000 mm,Lufkin,TR-419,TR-419,N/C,L516CMES,LAFTEC,2215145,2022-07-07,2024-06-26,ALMOXARIFADO
Trena,5000 mm,Lufkin,TR-526,TR-526,N/C,N/C,LAFTEC,2217126,2022-08-04,2024-07-24,ALMOXARIFADO
Trena,5000 mm,Lufkin,TR-527,TR-527,N/C,N/C,LAFTEC,2218829,2022-09-01,2024-08-21,ALMOXARIFADO
Trena,5000 mm,Lufkin,TR-528,TR-528,N/C,N/C,LAFTEC,2218830,2022-09-01,2024-08-21,ALMOXARIFADO
Trena,5000 mm,Lufkin,TR-529,TR-529,N/C,N/C,METRUS,D0688014-0821,2021-08-09,2023-07-30,ALMOXARIFADO
Trena,5000 mm,Lufkin,TR-530,TR-530,N/C,N/C,METRUS,D0688015-0821,2021-08-09,2023-07-30,ALMOXARIFADO
Trena,5000 mm,Lufkin,TR-531,TR-531,N/C,N/C,METRUS,D0688016-0821,2021-08-09,2023-07-30,ALMOXARIFADO
Trena,5000 mm,Lufkin,TR-532,TR-532,N/C,N/C,METRUS,D0688017-0821,2021-08-09,2023-07-30,ALMOXARIFADO
Trena,5000 mm,Lufkin,TR-533,TR-533,N/C,N/C,METRUS,D0688018-0821,2021-08-09,2023-07-30,ALMOXARIFADO
Trena,5000 mm,Lufkin,TR-534,TR-534,N/C,N/C,METRUS,D0688019-0821,2021-08-09,2023-07-30,ALMOXARIFADO
Trena,5000 mm,Lufkin,TR-535,TR-535,N/C,N/C,METRUS,D0688020-0821,2021-08-09,2023-07-30,ALMOXARIFADO
Trena,8000 mm,Lufkin,TR-536,TR-536,N/C,L516CMES,LAFTEC,2218831,2022-09-01,2024-08-21,ALMOXARIFADO
Trena,8000 mm,Lufkin,TR-536/1,TR-536/1,N/C,L525CMES,LAFTEC,2221079,2022-09-09,2024-08-29,ALMOXARIFADO
Trena,8000 mm,Lufkin,TR-537,TR-537,N/C,L525CMES,LAFTEC,2218832,2022-09-01,2024-08-21,ALMOXARIFADO
Trena,5000 mm,Lufkin,TR-538,TR-538,N/C,L525CMES,LAFTEC,2305355,2023-03-07,2025-02-24,ALMOXARIFADO
Trena,5000 mm,Lufkin,TR-539,TR-539,N/C,L525CMES,LAFTEC,2305356,2023-03-07,2025-02-24,ALMOXARIFADO
Trena,5000 mm,Lufkin,TR-540,TR-540,N/C,L516CMES,LAFTEC,2307193,2023-03-22,2025-03-11,ALMOXARIFADO
Trena,5000 mm,Lufkin,TR-541,TR-541,N/C,L516CMES,LAFTEC,2307194,2023-03-22,2025-03-11,ALMOXARIFADO
Trena,5000 mm,Lufkin,TR-542,TR-542,N/C,L516CMES,LAFTEC,2307195,2023-03-22,2025-03-11,ALMOXARIFADO
Trena,5000 mm,Lufkin,TR-543,TR-543,N/C,L516CMES,LAFTEC,2307196,2023-03-22,2025-03-11,ALMOXARIFADO
Trena,5000 mm,Lufkin,TR-544,TR-544,N/C,L516CMES,LAFTEC,2307197,2023-03-22,2025-03-11,ALMOXARIFADO
Trena,5000 mm,Lufkin,TR-545,TR-545,N/C,L516CMES,LAFTEC,2311419,2023-05-02,2025-04-21,OBRA 118
Trena,5000 mm,Lufkin,TR-546,TR-546,N/C,L516CMES,LAFTEC,2311420,2023-05-02,2025-04-21,ALMOXARIFADO
Trena,5000 mm,Lufkin,TR-547,TR-547,N/C,L516CMES,LAFTEC,2311421,2023-05-02,2025-04-21,OBRA 118
Trena,5000 mm,Lufkin,TR-548,TR-548,N/C,L516CMES,LAFTEC,2311422,2023-05-02,2025-04-21,OBRA 118
Trena,5000 mm,Lufkin,TR-549,TR-549,N/C,L516CMES,LAFTEC,2311423,2023-05-02,2025-04-21,ALMOXARIFADO
Trena,5000 mm,Lufkin,TR-550,TR-550,N/C,L516CMES,LAFTEC,2311424,2023-05-02,2025-04-21,OBRA 118
Trena,5000 mm,Lufkin,TR-551,TR-551,N/C,L516CME,LAFTEC,2421265,2024-07-19,2026-07-09,ALMOXARIFADO
Trena,5000 mm,Lufkin,TR-552,TR-552,N/C,L516CME,LAFTEC,2421266,2024-07-19,2026-07-09,OBRA 118
Trena,50000 mm,Lufkin,TR-553,TR-553,N/C,L516CME,LAFTEC,2421267,2024-07-19,2026-07-09,OBRA 118
Trena,50000 mm,Lufkin,TR-553-1,TR-553/1,N/C,Y1750CM,LAFTEC,2423159,2024-07-25,2026-07-15,ALMOXARIFADO
Trena,50000 mm,Lufkin,TR-554,TR-554,N/C,L516CME,LAFTEC,2421268,2024-07-19,2026-07-09,ALMOXARIFADO
Trena,50000 mm,Lufkin,TR-554-1,TR-554/1,N/C,Y1750CM,LAFTEC,2423160,2024-07-25,2026-07-15,OBRA 120
Trena,50000 mm,Lufkin,TR-555,TR-555,N/C,L516CME,LAFTEC,2421269,2024-07-19,2026-07-09,OBRA 118
Trena,50000 mm,Lufkin,TR-555-1,TR-555/1,N/C,Y1750CM,LAFTEC,2423161,2024-07-25,2026-07-15,OBRA 118
Trena,50000 mm,Lufkin,TR-556,TR-556,N/C,L516CME,LAFTEC,2421270,2024-07-19,2026-07-09,ALMOXARIFADO
Trena,50000 mm,Lufkin,TR-557,TR-557,N/C,L516CME,LAFTEC,2421279,2024-07-19,2026-07-09,ALMOXARIFADO
Trena,50000 mm,Lufkin,TR-558,TR-558,N/C,L516CME,LAFTEC,2421271,2024-07-19,2026-07-09,ALMOXARIFADO
Trena,50000 mm,Lufkin,TR-559,TR-559,N/C,L516CME,LAFTEC,2421272,2024-07-19,2026-07-09,ALMOXARIFADO
Trena,50000 mm,Lufkin,TR-560,TR-560,N/C,L516CME,LAFTEC,2421273,2024-07-19,2026-07-09,OBRA 118
Trena,50000 mm,Lufkin,TR-561,TR-561,N/C,L516CME,LAFTEC,2421274,2024-07-19,2026-07-09,ALMOXARIFADO
Trena,50000 mm,Lufkin,TR-562,TR-562,N/C,L516CME,LAFTEC,2421275,2024-07-19,2026-07-09,ALMOXARIFADO
Trena,50000 mm,Lufkin,TR-563,TR-563,N/C,L516CME,LAFTEC,2421276,2024-07-19,2026-07-09,OBRA 119
Trena,50000 mm,Lufkin,TR-564,TR-564,N/C,L516CME,LAFTEC,2421277,2024-07-19,2026-07-09,OBRA 119
Trena,50000 mm,Lufkin,TR-565,TR-565,N/C,L516CME,LAFTEC,2421278,2024-07-19,2026-07-09,ALMOXARIFADO
Trena,80000 mm,Lufkin,TR-566,TR-566,N/C,L525CME,LAFTEC,2421280,2024-07-19,2026-07-09,ALMOXARIFADO
Trena,80000 mm,Lufkin,TR-567,TR-567,N/C,L525CME,LAFTEC,2421281,2024-07-19,2026-07-09,ALMOXARIFADO
Trena,80000 mm,Lufkin,TR-568,TR-568,N/C,L525CME,LAFTEC,2421282,2024-07-19,2026-07-09,ALMOXARIFADO
Trena,80000 mm,Lufkin,TR-569,TR-569,N/C,L525CME,LAFTEC,2421283,2024-07-19,2026-07-09,ALMOXARIFADO
Trena,80000 mm,Lufkin,TR-570,TR-570,N/C,L525CME,LAFTEC,2421284,2024-07-19,2026-07-09,ALMOXARIFADO
Trena,80000 mm,Lufkin,TR-571,TR-571,N/C,L525CME,LAFTEC,2421285,2024-07-19,2026-07-09,ALMOXARIFADO
Trena,80000 mm,Lufkin,TR-572,TR-572,N/C,L525CME,LAFTEC,2421286,2024-07-19,2026-07-09,ALMOXARIFADO
Trena,80000 mm,Lufkin,TR-573,TR-573,N/C,L525CME,LAFTEC,2421287,2024-07-19,2026-07-09,ALMOXARIFADO
Trena,80000 mm,Lufkin,TR-574,TR-574,N/C,L525CME,LAFTEC,2421288,2024-07-19,2026-07-09,ALMOXARIFADO
Trena,5000 mm,Lufkin,TR-575,TR-575,N/C,L516CME,LAFTEC,2500651,2025-01-08,2026-12-29,OBRA 121
Trena,5000 mm,Lufkin,TR-576,TR-576,N/C,L516CME,LAFTEC,2500652,2025-01-08,2026-12-29,OBRA 118
Trena,5000 mm,Lufkin,TR-577,TR-577,N/C,L516CME,LAFTEC,2500653,2025-01-08,2026-12-29,OBRA 118
Trena,5000 mm,Lufkin,TR-578,TR-578,N/C,L516CME,LAFTEC,2500654,2025-01-08,2026-12-29,OBRA 118
Trena,8000 mm,Lufkin,TR-579,TR-579,N/C,L525CME,LAFTEC,2500655,2025-01-08,2026-12-29,OBRA 118
Trena,8000 mm,Lufkin,TR-580,TR-580,N/C,L525CME,LAFTEC,2500656,2025-01-08,2026-12-29,OBRA 118
Trena,8000 mm,Lufkin,TR-581,TR-581,N/C,L525CME,LAFTEC,2500657,2025-01-08,2026-12-29,OBRA 118
Trena,8000 mm,Lufkin,TR-582,TR-582,N/C,L525CME,LAFTEC,2500658,2025-01-08,2026-12-29,OBRA 118
Trena,30000 mm,Lufkin,TR-583,TR-583,N/C,ST30CML,LAFTEC,2500659,2025-01-08,2026-12-29,OBRA 118
Trena,30000 mm,Lufkin,TR-584,TR-584,N/C,ST30CML,LAFTEC,2500660,2025-01-08,2026-12-29,OBRA 118
Trena,5000 mm,MTX,TRE-001,TRE-001,N/C,3100555,TECNICA CALIB.,2001356,2020-03-11,2022-03-01,ALMOXARIFADO
Trena,5000 mm,MTX,TRE-002,TRE-002,N/C,3100555,TECNICA CALIB.,2001357,2020-03-11,2022-03-01,ALMOXARIFADO
Trena,30000 mm,Lufkin,TRE-004,TRE - 004,N/C,TS510-30M,LAFTEC,2217127,2022-08-04,2024-07-24,ALMOXARIFADO
Trena,5000 mm,Lufkin,TRE-077,TRE-077,N/C,L516CME,METRUS,D0688001-0618,2018-06-09,2020-05-29,ALMOXARIFADO
Trena,8000 mm,Lufkin,TRE-098-001,TRE-098-001,N/C,L525CMES,LAFTEC,2212872,2022-06-08,2024-05-28,ALMOXARIFADO
Trena,8000 mm,Lufkin,TRE-098-002,TRE-098-002,N/C,L525CMES,LAFTEC,2212873,2022-06-08,2024-05-28,ALMOXARIFADO
Trena,5000 mm,Starrett,TRE-098-004,TRE-098-004,N/C,TS34-5ME,METRUS,D0688008-0321,2021-03-19,2023-03-09,ALMOXARIFADO
Trena,5000 mm,Starrett,TRE-098-005,TRE-098-005,N/C,TS34-5ME,METRUS,D0688009-0321,2021-03-19,2023-03-09,ALMOXARIFADO
Trena,5000 mm,Starrett,TRE-098-006,TRE-098-006,N/C,TS34-5ME,METRUS,D06880010-0321,2021-03-19,2023-03-09,ALMOXARIFADO
Trena - 3000 mm,,Lufkin,TR-004,TR-004,N/C,TS510-30M,TECNICA CALIB.,1800624,2020-03-11,2022-03-01,ALMOXARIFADO
Trena Digital,5000 mm,Bosch,1705,1705,107185313,DLE 70,LAFTEC,2506014,2025-02-27,2026-08-21,ALMOXARIFADO
Trena Digital,71 mm,Bosch,1765,1765,112384710,DLE 70,LAFTEC,2415673,2024-06-14,2025-12-06,OBRA 118
Trena Digital,50000 mm,Bosch,2201,2201,232412012,GLM50-27CG,LAFTEC,2506013,2025-02-27,2026-08-21,OBRA 118
Tubo Decantador Graduado - Tipo Pera,,Metal Check,TD201C,TD201C,N/C,TD201C,LAF METROLOGIA,1800655,2018-02-03,,ALMOXARIFADO
Tubo Decantador Graduado - Tipo Pera,,Metal Check,VID-001,VID-001,TC 249,N/C,METRUS,D0688006-0620,2020-07-02,,ALMOXARIFADO
Tubo Decantador Graduado - Tipo Pera,,Metal Check,VID-002,VID-002,TC 249,N/C,METRUS,D0688007-0620,2020-07-02,,ALMOXARIFADO
Tubo Decantador Graduado - Tipo Pera,,Metal Check,VID-003,VID-003,TC 249,N/C,METRUS,D0688008-0620,2020-07-02,,ALMOXARIFADO
Tubo Decantador Graduado - Tipo Pera,,Metal Check,VID-004,VID-004,TC 250,N/C,METRUS,D0688009-0620,2020-07-02,,ALMOXARIFADO
Tubo Decantador Graduado - Tipo Pera (Colorido),(Particula Magnetica),SERV-END,3125,3125,3125,Colorido,SERV-END,7351/22,2022-10-10,,ALMOXARIFADO
Ultrassom Automatizado,,Olympus,N/A,N/C,OMNI2 -102047 / OMNI- 201218,OMNI -MX2,ELETRONICA SBJ,0299/2018,2018-10-16,2020-10-05,ALMOXARIFADO
Ultrassom Phased Array,END INSPEÇÃO DE SOLDA,Olympus,END-001,END-001,OMNI2-102047,Omniscan MX2,END INSPEÇÃO,1520,2023-03-14,2024-03-13,ALMOXARIFADO
Ultrassom Phased Array,,Olympus,Nura,Nura,OMNI-101664,Omniscan MX-1,ENDVALE,687,2021-03-30,2022-03-30,ALMOXARIFADO
Ultrassom Pulso/Eco,,GE,Inspetora Jane,USM GO,11125171,USM GO,ENDVALE,1373,2024-12-23,2025-12-23,OBRA 118
Válvula de Segurança,,VL-01,VL-01,N/C,N/C,N/C,LAFTEC,2303337,2023-02-14,2024-02-14,ALMOXARIFADO
Válvula de Segurança,,VL-02,VL-02,N/C,N/C,N/C,LAFTEC,2415691,2024-06-19,2025-06-19,OBRA 118
Válvula de Segurança,,VL-03,VL-03,N/C,N/C,N/C,LAFTEC,2415692,2024-06-19,2025-06-19,OBRA 118
Válvula de Segurança,,VL-04,VL-04,N/C,N/C,N/C,LAFTEC,2415693,2024-06-19,2025-06-19,OBRA 118
Válvula de Segurança,,VL-05,VL-05,N/C,N/C,N/C,LAFTEC,2415694,2024-06-19,2025-06-19,OBRA 118
Válvula de Segurança,,VL-06,VL-06,N/C,N/C,N/C,LAFTEC,2415690,2024-06-12,2025-06-12,OBRA 118
Válvula de Segurança,,VL-07,VL-07,N/C,N/C,N/C,LAFTEC,2416819,2024-06-19,2025-06-19,OBRA 118
Válvula de Segurança,,VL-08,VL-08,N/C,N/C,N/C,LAFTEC,2416820,2024-06-19,2025-06-19,OBRA 118
Válvula de Segurança,BOING (Verificar a validade),11766,11766,N/C,N/C,N/C,BILL MAKER,22040/25,2025-01-16,2026-01-16,OBRA 118
Válvula de Segurança- Jato,,Lubefer,VS-001,VS-001,N/C,LUB-30,METRUS,P0688001-0921,2021-09-17,2022-09-17,ALMOXARIFADO
Válvula de Segurança- Jato,,Lubefer,VS-002,VS-002,N/C,LUB-30,METRUS,P0688002-0921,2021-09-17,2022-09-17,ALMOXARIFADO
Válvula de Segurança- Jato,,Lubefer,VS-003,VS-003,N/C,LUB-30,METRUS,P0688003-0921,2021-09-17,2022-09-17,ALMOXARIFADO
Válvula de Segurança- Jato,,Lubefer,VS-004,VS-004,N/C,LUB-30,METRUS,P0688004-0921,2021-09-17,2022-09-17,ALMOXARIFADO
Válvula de Segurança-Jato,,N/C,VS-005,VS-005,N/C,N/C,METRUS,P0688001-1021,2021-10-28,2022-10-28,ALMOXARIFADO
Válvula de Segurança-Jato,,N/C,VS-006,VS-006,N/C,N/C,METRUS,P0688002-1021,2021-10-28,2022-10-28,ALMOXARIFADO
Válvula de Segurança-Jato,,N/C,VS-007,VS-007,N/C,N/C,METRUS,P0688003-1021,2021-10-28,2022-10-28,ALMOXARIFADO
Válvula de Segurança-Jato,,N/C,VS-008,VS-008,N/C,N/C,METRUS,P0688004-1021,2021-10-28,2022-10-28,ALMOXARIFADO
Yoke,,Super Magma,180,180,1538/10,HMM6,LAFTEC,2415652,2024-06-19,2026-06-09,OBRA 118
Yoke,,Serv- End,181,181,2436,SEY 101/A,LAFTEC,2222376,2022-10-06,2024-09-25,ALMOXARIFADO
Yoke,,Serv- End,182,182,2441,SEY 101/A,LAFTEC,2300731,2023-01-26,2025-01-15,ALMOXARIFADO
Yoke,,Serv- End,183,183,2437,SEY 101/A,LAFTEC,2519257,2025-06-17,2027-06-07,OBRA 121
Yoke,,Serv- End,184,184,2332,SEY 101/A,METRUS,E0688006-0421,2021-04-06,2023-03-27,ALMOXARIFADO
Yoke,,Serv- End,185,185,185,N/C,LAFTEC,2222377,2022-10-06,2024-09-25,ALMOXARIFADO
Yoke,,Serv- End,186,186,2411,SEY 101/A,LAFTEC,2222378,2022-10-06,2024-09-25,ALMOXARIFADO
Yoke,,Serv-End,1295,1295,1410/09,HMM6,LAFTEC,2226787,2022-11-24,2024-11-13,ALMOXARIFADO
Yoke,,Super-Magna,1296,1296,N/C,HMM6,LAFTEC,2415653,2024-06-19,2026-06-09,OBRA 118
Yoke,,Serv-End,1829,1829,2334,101,METROLOGIA 9000,MTR2407-20,2020-07-13,2022-07-03,ALMOXARIFADO
Yoke,,Serv-End,1830,1830,1513,HMM6,LAFTEC,2415654,2024-06-19,2026-06-09,OBRA 121
Yoke,,Serv-End,1831,1831,1831,HMM6,LAFTEC,2518004,2025-06-09,2027-05-30,OBRA 121
Yoke,,Metal Check,1832,1832,1832,HMM6,LAFTEC,2222380,2022-10-06,2024-09-25,ALMOXARIFADO
